date,open,predict,target,high,low,close,open_to_prediction_difference,log_open_to_prediction_difference,direction,log_trade_results_open_to_close,log_diff_predict_original,cum_log_trade_results_open_to_close,correct_prediction,trade_result_including_high_low,cum_trade_result_including_high_low
2022-01-03 09:30:00-05:00,342.201324,336.79092,333.89522166666666,356.92961,331.333002,332.089668,-5.410399927734375,-0.015936896056838238,True,0.024571994357663825,0.00863509830082562,0.024571994357663825,True,0.01581057567075449,0.01581057567075449
2022-01-04 09:30:00-05:00,347.234653,338.9857,325.49967466666664,351.556282,313.499687,314.633019,-8.248965744140605,-0.024042898828504928,True,0.06463932267329771,0.04059642384479269,0.08921131703096154,True,0.023756170857004315,0.03956674652775881
2022-01-05 09:30:00-05:00,336.57633,326.04913,309.551913,347.219653,283.82305,309.99969,-10.527196699218734,-0.03177687277164945,True,0.0836991485436974,0.05192227577204786,0.17291046557465894,True,0.03127729362079245,0.07084404014855125
2022-01-06 09:30:00-05:00,332.113001,319.27045,299.4641453333333,334.849665,283.82305,306.133027,-12.842554222656247,-0.039436736314019144,True,0.10348058015508634,0.06404384384106712,0.27639104572974527,True,0.03866923060520671,0.10951327075375797
2022-01-07 09:30:00-05:00,301.586365,301.4033,295.6308156666667,329.229671,283.82305,312.469688,-0.1830752050781257,-0.0006072250468898234,True,0.019944994727825367,0.01933776968093552,0.2963360404575706,True,0.0006070407230715676,0.11012031147682953
2022-01-10 09:30:00-05:00,304.733029,294.60214,293.13415133333336,329.229671,276.333057,276.36639,-10.130886666015613,-0.03381030253011832,True,0.03880571992794822,0.004995417397829917,0.33514176038551885,True,0.03324512180140346,0.14336543327823298
2022-01-11 09:30:00-05:00,317.476349,298.83264,280.778608,329.229671,264.003069,282.116385,-18.643707398437527,-0.06051963461961753,True,0.12283683730609392,0.062317202686476336,0.45797859769161275,True,0.05872471274525563,0.20209014602348863
2022-01-12 09:30:00-05:00,311.119689,299.20187,275.8952796666667,312.663021,264.003069,312.239688,-11.917815220703119,-0.03905918152064368,True,0.12015631801167884,0.08109713649103512,0.5781349157032916,True,0.03830620703887088,0.2403963530623595
2022-01-13 09:30:00-05:00,277.186389,280.55777,284.3397156666667,314.566352,264.003069,310.416356,3.3713807753906053,0.012089492232199068,True,0.02547954085188112,-0.013390048619681972,0.6036144565551727,True,0.012162865527248544,0.25255921858960806
2022-01-14 09:30:00-05:00,290.903042,283.73627,295.1619273333333,314.566352,287.349713,301.886365,-7.166774910156278,-0.02494485294512775,False,-0.014534089312330844,-0.039478942257458495,0.5890803672428419,False,-0.014534089312330844,0.2380251292772772
2022-01-18 09:30:00-05:00,311.736355,296.31384,297.2141473333333,314.566352,293.506373,297.04637,-15.422512226562503,-0.05073864229194514,True,0.04770490078217621,-0.003033741509769038,0.6367852680250181,True,0.0494729343536544,0.2874980636309316
2022-01-19 09:30:00-05:00,309.393024,300.40344,294.5663723333334,312.333021,293.506373,307.773026,-8.989581617187525,-0.029486011865291616,True,0.04910804037240767,0.019622028507116026,0.6858933083974258,True,0.029055540751906302,0.3165536043828379
2022-01-20 09:30:00-05:00,293.999706,294.63782,296.0440263333333,315.923017,293.506373,302.446364,0.6381113828124967,0.0021680970289036064,True,0.006929413538149247,-0.004761316509245744,0.692822721935575,True,0.0021704490507636655,0.3187240534336016
2022-01-21 09:30:00-05:00,299.073034,292.6891,297.63069133333335,315.923017,293.72304,307.333026,-6.383947085937507,-0.021576895632696665,True,0.004834377311678135,-0.016742518321018644,0.6976570992472532,False,0.004834377311678135,0.32355843074527973
2022-01-24 09:30:00-05:00,307.929692,298.0999,301.94513133333334,315.923017,298.266368,310.666356,-9.829777449218739,-0.0324427701502872,True,0.01962616764655492,-0.012816602503732353,0.7172832668938081,False,0.01962616764655492,0.3431845983918347
2022-01-25 09:30:00-05:00,301.843031,301.70145,301.27747633333337,315.422985,298.266368,301.516365,-0.1415844667968713,-0.0004691765881870029,True,0.001875428958411237,0.0014062523702240072,0.7191586958522193,True,0.00046906654206262365,0.3436536649338973
2022-01-26 09:30:00-05:00,311.666355,304.82773,296.3774813333333,315.422985,283.566383,286.66638,-6.838626728515635,-0.022186448925983624,True,0.05029932399344096,0.028112875067457296,0.7694580198456602,True,0.021942139787644498,0.3655958047215418
2022-01-27 09:30:00-05:00,302.789697,298.30768,288.949711,314.603019,283.566383,291.919708,-4.48201877734374,-0.014913064100237301,True,0.0467858326345807,0.031872768534343295,0.8162438524802409,True,0.014802415081328674,0.3803982198028705
2022-01-28 09:30:00-05:00,303.209697,296.7306,288.58053366666667,307.666359,283.566383,307.476359,-6.479106179687506,-0.021600009924817958,True,0.049450442294366334,0.027850432369548372,0.8656942947746072,True,0.021368400297855597,0.40176662010072606
2022-01-31 09:30:00-05:00,287.189713,289.19974,294.1927503333334,308.809658,284.383049,307.796359,2.0100245488281416,0.006974564489232774,True,0.02409214760934813,-0.01711758312011519,0.8897864423839553,True,0.006998943408631568,0.4087655635093576
2022-02-01 09:30:00-05:00,299.9997,294.3731,296.52052566666663,308.809658,291.366375,292.116375,-5.6265920898437685,-0.018933437387097813,True,0.01166503208220745,-0.0072684053048903165,0.9014514744661628,True,0.018755325721471615,0.4275208892308292
2022-02-02 09:30:00-05:00,304.683029,298.87692,290.32415399999996,308.809658,279.203054,285.659714,-5.806106392578101,-0.01924012846096039,True,0.04827391588136035,0.02903378742039987,0.9497253903475231,True,0.019056218561415515,0.44657710779224474
2022-02-03 09:30:00-05:00,304.419696,298.8847,279.200843,306.166327,267.0331,273.843059,-5.534991410156238,-0.018349432582557536,True,0.0864759380060614,0.06812650542350382,1.0362013283535845,True,0.01818210675223931,0.46475921454448405
2022-02-04 09:30:00-05:00,295.333038,284.8834,266.58529999999996,295.623038,253.519746,254.679745,-10.449645666015613,-0.036023715097717374,True,0.10240939449675789,0.06638567939904051,1.1386107228503424,True,0.03538258278444152,0.5001417973289256
2022-02-07 09:30:00-05:00,278.043055,259.86774,251.29531533333338,285.577648,233.3331,266.923066,-18.17531818359373,-0.06760317877041533,True,0.10114717315348594,0.033543994383070555,1.2397578960038282,True,0.06536871846554028,0.5655105157944659
2022-02-08 09:30:00-05:00,276.809723,259.53122,249.217584,278.432955,233.3331,269.956397,-17.278503517578145,-0.06445334791131722,True,0.10500400334999783,0.040550655438680715,1.3447618993538262,True,0.06242014669975355,0.6279306624942195
2022-02-09 09:30:00-05:00,233.4631,253.65796,255.233967,292.286374,233.3331,290.143043,20.194858984375003,0.08296270669942188,True,0.08915660750114636,-0.006193900801724488,1.4339185068549725,True,0.08650128857354761,0.714431951067767
2022-02-10 09:30:00-05:00,269.743064,262.30206,272.3206166666667,296.62637,260.799906,288.123045,-7.441001011718754,-0.02797313927347269,False,-0.009510218764473667,-0.03748335803794639,1.4244082880904987,True,0.027585513789962563,0.7420174648577296
2022-02-11 09:30:00-05:00,271.669728,267.81012,279.195232,296.62637,271.568895,293.296373,-3.8596083710937705,-0.014308872668436142,False,-0.027324200157582565,-0.04163307282601869,1.397084087932916,False,-0.027324200157582565,0.714693264700147
2022-02-14 09:30:00-05:00,289.893043,276.56467,281.18329666666665,296.62637,277.533089,279.763054,-13.328376251953102,-0.04706736796856633,True,0.03050527972674866,-0.016562088241817628,1.4275893676596647,False,0.03050527972674866,0.7451985444268957
2022-02-15 09:30:00-05:00,290.709709,278.12332,278.00339966666667,295.493038,275.053358,279.429721,-12.58638746679685,-0.044260587734420126,True,0.0446918630672668,0.0004312753328467864,1.4722812307269315,True,0.04329538050205558,0.7884939249289513
2022-02-16 09:30:00-05:00,292.92304,277.98566,273.59205966666667,295.479371,268.189732,268.193065,-14.937383261718765,-0.05234039450630851,True,0.06827174875819293,0.015931354251884203,1.5405529794851245,True,0.050994224495685844,0.8394881494246371
2022-02-17 09:30:00-05:00,283.03305,273.2774,267.988721,288.713045,260.723073,274.799725,-9.755645214843753,-0.03507626126308504,True,0.054618781472433126,0.019542520209347967,1.5951717609575575,True,0.03446821922331598,0.8739563686479531
2022-02-18 09:30:00-05:00,285.433048,276.81583,268.74973133333333,288.713045,260.723073,286.323047,-8.61722158398436,-0.03065509524643472,True,0.06022691396243101,0.029571818715996418,1.6553986749199885,True,0.030189992519662128,0.9041463611676153
2022-02-22 09:30:00-05:00,265.176401,269.67783,269.39307499999995,286.853046,260.723073,279.433054,4.5014249277343765,0.016832740538174584,True,0.015776289693848557,0.001056450844325975,1.671174964613837,True,0.016975209372927482,0.9211215705405428
2022-02-23 09:30:00-05:00,279.826387,271.20532,270.68196233333333,286.853046,264.589735,265.116402,-8.621064734375011,-0.031293183685470224,True,0.033224803451772915,0.0019316197663028693,1.7043997680656098,True,0.030808619683085896,0.9519301902236287
2022-02-24 09:30:00-05:00,283.816383,272.5382,262.24085966666667,284.816382,252.013081,255.456411,-11.278174992187473,-0.04054867318541549,True,0.07906409717478642,0.038515423989370835,1.7834638652403962,True,0.03973757565710178,0.9916677658807305
2022-02-25 09:30:00-05:00,280.065387,270.37872,256.26418800000005,281.267052,252.013081,267.296399,-9.686663855468737,-0.035199446429343036,True,0.08881420418177517,0.05361475775243224,1.8722780694221715,True,0.03458715109078701,1.0262549169715174
2022-02-28 09:30:00-05:00,260.203073,259.93878,257.2075316666667,280.666386,252.013081,280.076387,-0.2642912617187676,-0.0010162277157896925,True,0.011579100912577462,0.010562873196787668,1.8838571703347489,True,0.0010157115312729899,1.0272706285027904
2022-03-01 09:30:00-05:00,258.423075,259.221,264.94950166666666,291.666375,252.189748,290.533043,0.797933300781267,0.003082944279755187,True,0.024941180621894557,-0.02185823634213932,1.9087983509566435,True,0.003087701439901476,1.030358329942692
2022-03-02 09:30:00-05:00,269.666397,264.58478,277.26282266666664,302.616364,267.419766,301.796365,-5.081619167968768,-0.019023907343355746,False,-0.027780246245120876,-0.046804153588476574,1.8810181047115226,False,-0.027780246245120876,1.002578083697571
2022-03-03 09:30:00-05:00,276.99639,278.60605,288.91057766666665,314.283019,275.238991,307.053026,1.6096585839843556,0.005794298137445286,True,0.04211274678227317,-0.0363184486448277,1.923130851493796,True,0.005811117552775166,1.0083892012503461
2022-03-04 09:30:00-05:00,291.496375,291.67166,299.58081166666665,332.619667,289.129711,331.326335,0.17528637695312455,0.0006011522281672493,True,0.027356633049852898,-0.026755480821685686,1.9504874845436488,True,0.0006013329563811027,1.0089905342067274
2022-03-07 09:30:00-05:00,304.993028,302.9554,311.69302166666665,346.899653,302.363031,333.036334,-2.037614181640606,-0.006703271762196294,False,-0.021729881213034735,-0.028433152975231038,1.9287576033306142,True,0.006680854952660119,1.0156713891593874
2022-03-08 09:30:00-05:00,309.99969,311.45456,320.77190133333335,346.899653,307.249693,337.972995,1.4548693261718881,0.004682153145206775,True,0.034158985317562035,-0.029476832172355198,1.9629165886481763,True,0.004693131551750546,1.0203645207111378
2022-03-09 09:30:00-05:00,326.64634,322.31052,329.16857066666665,346.899653,325.466341,336.879663,-4.335823642578134,-0.013362639186292569,False,-0.007691935823547509,-0.021054575009840037,1.9552246528246289,False,-0.007691935823547509,1.0126725848875904
2022-03-10 09:30:00-05:00,336.57633,335.48724,337.74634000000003,365.959601,329.59967,363.946303,-1.0890863476562345,-0.003241024640192342,False,-0.0034701819356620493,-0.006711206575854478,1.951754470888967,True,0.0032357781893225662,1.015908363076913
2022-03-11 09:30:00-05:00,335.999664,341.7741,347.11410866666665,371.589628,332.439701,366.522967,5.774444886718754,0.017039858542227625,True,0.03254340934679685,-0.015503550804569095,1.9842978802357638,True,0.017185865063004215,1.0330942281399171
2022-03-14 09:30:00-04:00,355.032978,348.94846,356.74519899999996,371.589628,351.199649,364.662969,-6.084522189453139,-0.01728646072775216,False,-0.004811117727509216,-0.02209757845526133,1.9794867625082546,False,-0.004811117727509216,1.028283110412408
2022-03-15 09:30:00-04:00,369.329631,356.65076,359.3053073333333,371.589628,357.702976,359.199641,-12.678874164062506,-0.034932523429768214,True,0.02751708889567272,-0.007415434534095542,2.0070038514039275,False,0.02751708889567272,1.0558001993080806
2022-03-16 09:30:00-04:00,363.72297,357.7547,358.586419,371.316295,355.546311,361.529638,-5.968270292968725,-0.01654495124896026,True,0.01422281827351411,-0.0023221329754461355,2.0212266696774415,True,0.016408835254393545,1.0722090345624742
2022-03-17 09:30:00-04:00,364.856302,357.77615,357.3119756666667,383.30295,355.546311,381.816285,-7.080148435546903,-0.019596061449065897,True,0.02089430132749974,0.0012982398784338732,2.042120971004941,True,0.019405306683031892,1.0916143412455062
2022-03-18 09:30:00-04:00,360.382973,357.02975,358.496308,384.289616,355.546311,363.75297,-3.3532183613281177,-0.009348155256696671,True,0.005248918369220067,-0.004099236887476748,2.047369889374161,True,0.009304597088520378,1.1009189383340265
2022-03-21 09:30:00-04:00,363.126304,355.88855,354.16964566666667,384.289616,342.566324,348.586318,-7.237754195312505,-0.02013309915824107,True,0.024974695260436712,0.0048415961021955846,2.072344584634598,True,0.01993178162965717,1.1208507199636837
2022-03-22 09:30:00-04:00,378.766288,359.28656,348.50410700000003,384.289616,340.513026,352.419648,-19.479727941406225,-0.052799073003789575,True,0.08326934559626457,0.030470272592474985,2.1556139302308623,True,0.05142941322540887,1.1722801331890926
2022-03-23 09:30:00-04:00,357.822976,354.75018,341.296892,359.666307,340.513026,341.829658,-3.072792894531233,-0.008624551464439755,True,0.04728563414484426,0.03866108268040464,2.2028995643757066,True,0.008587466710162382,1.180867599899255
2022-03-24 09:30:00-04:00,350.796316,345.15976,335.4013423333334,358.862974,324.879675,325.309675,-5.636556478515615,-0.016198377808705346,True,0.04487790716496438,0.02867952935625916,2.247777471540671,True,0.016067889602682187,1.1969354895019373
2022-03-25 09:30:00-04:00,347.736319,339.6318,330.40801400000004,349.479651,324.879675,328.983004,-8.104513580078105,-0.02358238296122599,True,0.051116191748100524,0.027533808786874534,2.2988936632887715,True,0.0233064915490697,1.220241981051007
2022-03-28 09:30:00-04:00,326.799673,331.5702,324.9260193333334,342.079658,324.365342,340.789659,4.770517429687516,0.01449216067585809,False,-0.00574983877641007,0.02024199945226813,2.2931438245123617,True,0.01459768116012624,1.2348396622111333
2022-03-29 09:30:00-04:00,332.546334,328.82,325.7649073333333,342.079658,324.365342,328.333005,-3.7263266757812517,-0.011268689906506639,True,0.020603222694861596,0.009334532788354956,2.3137470472072232,True,0.011205436039421958,1.2460450982505553
2022-03-30 09:30:00-04:00,327.024673,326.88016,325.4104523333333,342.079658,324.365342,334.762999,-0.14451552929688205,-0.0004420078424736879,True,0.004948304889686742,0.004506297047213026,2.31869535209691,True,0.0004419101713982359,1.2464870084219535
2022-03-31 09:30:00-04:00,333.096334,329.5999,327.8802276666667,344.979655,324.469676,342.716324,-3.496419449218763,-0.010552200651065498,True,0.0157833572907639,0.005231156639698576,2.3344787093876738,True,0.01049672149564625,1.2569837299175997
2022-04-01 09:30:00-04:00,329.676337,327.64548,327.10912866666666,344.979655,324.469676,325.733008,-2.0308597050781145,-0.006179214268816368,True,0.007817534162526594,0.0016383198937102116,2.3422962435502,True,0.006160162186824208,1.2631438921044238
2022-04-04 09:30:00-04:00,335.019665,330.15363,329.665237,364.072969,325.083042,336.259664,-4.866039511718725,-0.014631153677844152,True,0.01611152535328086,0.001480371675436685,2.358407768903481,True,0.014524638461801116,1.277668530566225
2022-04-05 09:30:00-04:00,343.33299,333.01596,329.518026,364.072969,325.083042,335.016332,-10.31702930664062,-0.030510373713145942,True,0.041069732976872095,0.010559359263726278,2.399477501880353,True,0.030049629971884206,1.3077181605381092
2022-04-06 09:30:00-04:00,358.242975,335.034,329.5235703333333,364.072969,325.099675,332.673001,-23.20897841796875,-0.06697944829406925,True,0.08356357228359704,0.016584123989527674,2.48304107416395,True,0.06478557860895598,1.3725037391470651
2022-04-07 09:30:00-04:00,338.302995,330.90936,316.03302833333333,344.949655,291.666375,292.139708,-7.39363220703126,-0.02209741937726715,True,0.06809520066918152,0.045997781291914355,2.551136274833132,True,0.021855059861445387,1.3943587990085105
2022-04-08 09:30:00-04:00,326.323007,321.44244,303.0730303333333,336.20633,291.666375,293.836373,-4.880563152343768,-0.015069205998946547,True,0.07391390917782209,0.05884470317887563,2.625050184010954,True,0.014956233693763947,1.4093150327022743
2022-04-11 09:30:00-04:00,331.809668,323.49957,286.00638066666664,333.333,273.899726,292.503041,-8.310095246093738,-0.025363722125616266,True,0.14854739477250303,0.12318367264688664,2.773597578783457,True,0.0250447652601061,1.4343597979623803
2022-04-12 09:30:00-04:00,299.526367,288.2165,285.4508256666666,311.466322,273.899726,290.253043,-11.309875300781243,-0.03849054537389491,True,0.04813267549338982,0.009642130119494868,2.8217302542768468,True,0.03775919767618069,1.472118995638561
2022-04-13 09:30:00-04:00,299.993033,290.5065,282.19194,311.466322,273.899726,300.979699,-9.4865327558594,-0.03213329895601472,True,0.06117177334641002,0.02903847439039515,2.8829020276232566,True,0.03162251023296064,1.5037415058715216
2022-04-14 09:30:00-04:00,300.749699,292.78363,289.62415466666664,311.466322,282.676384,303.08303,-7.966068628906271,-0.026844480701290346,True,0.03769428999148294,0.010849809290192634,2.9205963176147396,True,0.026487370246399716,1.5302288761179212
2022-04-18 09:30:00-04:00,286.923046,291.12265,291.3219306666667,318.499681,282.676384,317.539682,4.199604146484376,0.014530609139613066,True,0.015214899231831702,-0.0006842900922185984,2.935811216846571,True,0.01463669163223778,1.544865567750159
2022-04-19 09:30:00-04:00,301.059699,292.75687,292.396374,318.499681,285.899714,291.093042,-8.302832544921898,-0.02796612341531536,True,0.029198253653214802,0.0012321302378994542,2.965009470499786,True,0.02757869144392487,1.572444259194084
2022-04-20 09:30:00-04:00,301.313032,292.1636,287.34249033333333,318.499681,281.034719,288.549711,-9.149427263671896,-0.030835762215836022,True,0.04747484737578396,0.01663908515994793,3.01248431787557,True,0.030365189327993935,1.6028094485220779
2022-04-21 09:30:00-04:00,313.069687,293.94473,275.77250200000003,315.199685,260.383073,262.369738,-19.124954333984363,-0.06303404239333474,True,0.12684955022613187,0.06381550783279709,3.139333868101702,True,0.06108848964985985,1.6638979381719377
2022-04-22 09:30:00-04:00,295.666371,282.65823,266.500289,295.999704,258.083075,266.679733,-13.008137357421901,-0.044993180773847535,True,0.10385636560789122,0.05886318483404376,3.243190233709593,True,0.04399599898164239,1.70789393715358
2022-04-25 09:30:00-04:00,278.816388,267.639,253.62196866666667,281.876385,242.399758,244.666422,-11.177380431640643,-0.04091437182307259,True,0.09470861160102982,0.05379423977795738,3.3378988453106224,True,0.040088678114719146,1.7479826152682991
2022-04-26 09:30:00-04:00,273.10306,256.64404,242.383091,275.119725,226.66644,242.666424,-16.459017031250028,-0.06215915508672789,True,0.11932973794242072,0.057170582855692716,3.457228583253043,True,0.060266688448126604,1.8082493037164258
2022-04-27 09:30:00-04:00,264.999735,249.73582,239.862538,269.923063,226.66644,256.529743,-15.26391041503905,-0.0593251684864541,True,0.09966282506577687,0.04033765657932266,3.55689140831882,True,0.05759971954326313,1.865849023259689
2022-04-28 09:30:00-04:00,233.666433,242.7705,238.961261,262.449704,226.66644,241.456425,9.104059553710925,0.038221923589329625,True,0.02240685256176374,0.015815071027566078,3.5792982608805834,True,0.03896177742273716,1.904810800682426
2022-04-29 09:30:00-04:00,257.826409,244.63245,244.38903333333334,262.449704,239.695927,253.869746,-13.193962710937512,-0.05252966027357113,True,0.05352517063855472,0.0009955103649834504,3.6328234315191383,True,0.05117382180557583,1.9559846224880018
2022-05-02 09:30:00-04:00,255.719744,247.55476,238.74959466666667,256.58641,233.6031,236.603097,-8.164980206054679,-0.032450269416129086,True,0.06866681317491788,0.03621654375878877,3.7014902446940563,True,0.0319294086500207,1.9879140311380226
2022-05-03 09:30:00-04:00,249.119751,243.25488,235.97420866666667,254.826412,231.369769,236.473097,-5.864868187500008,-0.023823914475101824,True,0.054211194824083354,0.030387280348981666,3.75570143951814,True,0.023542365324136855,2.0114563964621595
2022-05-04 09:30:00-04:00,248.173085,236.13147,225.32421933333333,253.499747,210.999789,221.299779,-12.041615273437486,-0.04973770108738664,True,0.09658608630551077,0.046848385218124136,3.8522875258236504,True,0.04852103633009795,2.0599774327922575
2022-05-05 09:30:00-04:00,235.666431,228.97697,218.352004,244.666422,210.999789,224.966442,-6.689456512695301,-0.028795926819394014,True,0.07630891941316083,0.047512992593766776,3.928596445236811,True,0.02838527525668389,2.0883627080489413
2022-05-06 09:30:00-04:00,237.996429,224.1488,210.18090099999998,240.527093,206.85646,209.386457,-13.847625289062506,-0.059945535772309703,True,0.12428707612717889,0.06434154035486936,4.05288352136399,True,0.058184172540935504,2.146546880589877
2022-05-09 09:30:00-04:00,218.339782,213.63644,209.07091333333332,226.651473,206.85646,219.59978,-4.703337908203139,-0.021776771469166015,True,0.04337898974703718,0.021602218277871146,4.096262511111027,True,0.02154136944316972,2.1680882500330467
2022-05-10 09:30:00-04:00,217.843115,216.26219,210.804245,239.556394,206.85646,235.909764,-1.580923227539074,-0.00728362538777982,True,0.03284519371352215,0.025561568325742235,4.129107704824549,True,0.007257164072130872,2.175345414105178
2022-05-11 09:30:00-04:00,207.949792,213.69513,221.91102266666667,253.266413,207.669826,253.209747,5.745337394531248,0.027253704327641043,True,0.06497983678419615,-0.037726132456555234,4.194087541608745,True,0.02762848348764517,2.202973897592823
2022-05-12 09:30:00-04:00,220.473113,218.39496,234.268777,259.59974,217.886449,252.753081,-2.078154503906262,-0.009470591148883689,False,-0.060693324912857956,-0.07016391606174169,4.133394216695887,True,0.009425886338831084,2.212399783931654
2022-05-13 09:30:00-04:00,241.083092,229.65686,242.85321266666668,259.59974,240.176793,246.789753,-11.426231648437494,-0.04855537075052123,False,-0.00731554357014297,-0.05587091432066427,4.126078673125744,False,-0.00731554357014297,2.205084240361511
2022-05-16 09:30:00-04:00,257.946409,240.1769,243.48308999999998,264.209736,242.066425,258.333075,-17.769513858398454,-0.07137613135678118,True,0.05770435176520618,-0.013671779591574918,4.183783024890951,False,0.05770435176520618,2.262788592126717
2022-05-17 09:30:00-04:00,251.719748,239.86446,239.70791599999998,264.209736,233.417567,234.516432,-11.855291823242197,-0.04824235967441862,True,0.04889519203674561,0.0006528323623272236,4.232678216927696,True,0.04709718612638289,2.3098857782530997
2022-05-18 09:30:00-04:00,244.156423,237.89236,236.61125266666667,264.209736,233.417567,238.279762,-6.2640584980468645,-0.025990776375608524,True,0.0313905874700459,0.005399811094437477,4.264068804397742,True,0.025655923448906624,2.3355417017020064
2022-05-19 09:30:00-04:00,243.224757,237.10243,232.62014533333334,247.796386,230.093103,238.886428,-6.1223247490234485,-0.025493690433380893,True,0.04457909610821871,0.019085405674837925,4.308647900505961,True,0.02517147030811279,2.360713172010119
2022-05-20 09:30:00-04:00,244.353089,237.96486,234.53976533333332,249.963083,230.093103,241.866425,-6.388229991210949,-0.026491253792349907,True,0.04098911684638053,0.014497863054030788,4.349637017352341,True,0.02614343865000597,2.386856610660125
2022-05-23 09:30:00-04:00,233.999766,235.27997,236.19865233333334,255.546378,230.093103,239.706427,1.280202261718756,0.005456043992739972,True,0.00935308277307439,-0.003897038780334414,4.358990100125416,True,0.005470955307360248,2.392327565967485
2022-05-24 09:30:00-04:00,240.086427,235.62485,235.47198633333332,255.546378,227.913105,232.229768,-4.461579587890611,-0.018758060402846465,True,0.019407018634747454,0.0006489582319010973,4.378397118760163,True,0.01858322289868811,2.410910788866173
2022-05-25 09:30:00-04:00,249.339751,237.41779,227.30755033333332,255.546378,214.683119,215.736451,-11.921965355468757,-0.04899503044165024,True,0.09251248049255206,0.04351745005090183,4.470909599252715,True,0.047814138370053785,2.458724927236227
2022-05-26 09:30:00-04:00,235.156432,231.91077,218.110893,239.49976,211.736455,220.889779,-3.2456653984374952,-0.013898289809460136,True,0.07524734383079698,0.06134905402133686,4.546156943083512,True,0.013802154467276045,2.472527081703503
2022-05-27 09:30:00-04:00,223.166444,219.32552,214.856452,235.663064,211.736455,232.999767,-3.8409282529297,-0.01736087917165983,True,0.03794773867932739,0.020586859507667504,4.584104681762839,True,0.017211047432066893,2.48973812913557
2022-05-31 09:30:00-04:00,218.286448,213.943,212.85978733333332,235.663064,208.693125,213.099787,-4.343454835937507,-0.020098589471358216,True,0.025174508401383758,0.00507591893002557,4.609279190164223,True,0.019897959198719964,2.5096360883342896
2022-06-01 09:30:00-04:00,220.916446,216.7393,213.34645333333333,235.663064,208.693125,216.759783,-4.17714241113282,-0.019089292260199328,True,0.03486717183761445,0.015777879577415176,4.6441463620018375,True,0.018908245568701663,2.528544333902991
2022-06-02 09:30:00-04:00,222.736444,220.11873,215.40756233333335,243.577123,208.693125,237.03643,-2.6177153623046934,-0.011822130629773034,True,0.03345733460390273,0.02163520397412973,4.677603696605741,True,0.011752523813771102,2.540296857716762
2022-06-03 09:30:00-04:00,213.43312,216.63863,223.78533166666668,246.833086,213.196453,236.086431,3.20550609863281,0.014907119515352611,True,0.04736372325443679,-0.032456603739084246,4.724967419860177,True,0.015018784800750746,2.5553156425175128
2022-06-06 09:30:00-04:00,224.603109,219.63333,228.93199333333334,246.833086,224.333109,235.069765,-4.969777701171864,-0.0223754046065278,False,-0.019090102510695865,-0.04146550711722361,4.705877317349481,False,-0.019090102510695865,2.536225540006817
2022-06-07 09:30:00-04:00,234.503099,226.95213,232.84976733333335,246.833086,228.636438,245.706421,-7.550965821289054,-0.03272967495914168,True,0.007075332935592046,-0.025654342023549555,4.712952650285073,False,0.007075332935592046,2.543300872942409
2022-06-08 09:30:00-04:00,237.904762,231.56392,235.76272000000003,252.069748,228.636438,244.919755,-6.340842932617193,-0.02701449022452249,True,0.009044558403048266,-0.01796993182147414,4.721997208688122,True,0.02665286259640819,2.569953735538817
2022-06-09 09:30:00-04:00,237.468096,232.96678,236.99827433333334,252.069748,232.343101,232.663101,-4.501314383789065,-0.019137406588556526,True,0.0019804220050106155,-0.017156984583545934,4.723977630693133,True,0.018955449003932996,2.58890918454275
2022-06-10 09:30:00-04:00,249.366417,235.75645,232.39383433333333,252.069748,222.273111,228.489772,-13.609962532226575,-0.05612406942561142,True,0.07048987478822573,0.01436580536261421,4.794467505481359,True,0.054578169329940585,2.6434873538726906
2022-06-13 09:30:00-04:00,244.483089,235.20505,224.49310866666667,249.96975,218.863114,224.473109,-9.278041392578132,-0.0386884641686025,True,0.08530113052982205,0.04661266636121945,4.879768636011181,True,0.03794962437086244,2.681436978243553
2022-06-14 09:30:00-04:00,230.49977,229.21985,221.08534533333332,231.173102,218.863114,227.263106,-1.2799213671875123,-0.0055682838947480945,True,0.041701059656290104,0.036132775761541946,4.921469695667471,True,0.005552809736805864,2.686989787980359
2022-06-15 09:30:00-04:00,224.509775,222.34688,219.049803,233.146434,216.166484,233.066434,-2.162896948242178,-0.009680571272647908,True,0.024620132515638514,0.014939561242990633,4.946089828183109,True,0.009633865377318997,2.696623653357678
2022-06-16 09:30:00-04:00,226.999773,223.48337,221.82424466666666,234.563099,216.166484,231.733102,-3.5164050800781297,-0.015612022661995675,True,0.023063639851890895,0.007451617189895136,4.9691534680350005,True,0.015490786768663991,2.7121144401263417
2022-06-17 09:30:00-04:00,222.999777,223.7758,225.1875636666667,245.361421,216.166484,244.543089,0.7760256123046929,0.0034738979843030966,True,0.009762899776010359,-0.006289001791707258,4.978916367811011,True,0.003479938961125925,2.7155943790874675
2022-06-21 09:30:00-04:00,230.779769,226.56432,233.519133,254.979712,227.186439,250.763083,-4.21545320410155,-0.018435015248440427,False,-0.01180013898214483,-0.030235154230585218,4.967116228828866,False,-0.01180013898214483,2.7037942401053225
2022-06-22 09:30:00-04:00,233.919766,229.24986,235.66579766666666,254.979712,232.209768,234.343099,-4.669903329101572,-0.02016566411895127,False,-0.007436513591150097,-0.027602177710101403,4.959679715237716,False,-0.007436513591150097,2.6963577265141723
2022-06-23 09:30:00-04:00,242.333091,233.22057,234.3852433333333,254.979712,228.368105,233.069767,-9.112525204101559,-0.03832854875774935,True,0.03334708820637646,-0.004981460551372936,4.993026803444092,True,0.03760330529560884,2.733961031809781
2022-06-24 09:30:00-04:00,252.103081,236.08536,229.00921533333334,253.06308,225.033108,237.039763,-16.017723333984378,-0.06564463080109367,True,0.09607581108508838,0.030431180283994826,5.089102614529181,True,0.06353640451535925,2.7974974363251404
2022-06-27 09:30:00-04:00,236.84643,231.73297,227.57810566666663,242.059725,225.033108,238.313095,-5.113458808593748,-0.02182623389625734,True,0.0399184553439112,0.01809222144765389,5.129021069873092,True,0.021589765184950215,2.8190872015100905
2022-06-28 09:30:00-04:00,225.499774,226.43785,230.41865833333335,243.623056,225.033108,240.066427,0.9380769521484353,0.004151361814440431,True,0.02157875116744392,-0.01742738935300343,5.150599821040536,True,0.004159990653243117,2.8232471921633335
2022-06-29 09:30:00-04:00,234.896432,232.21791,235.27532033333333,250.516416,229.333104,240.546426,-2.678521233398442,-0.011468500733740275,False,-0.0016117021640249204,-0.013080202897765207,5.1489881188765105,True,0.011402988162027262,2.8346501803253608
2022-06-30 09:30:00-04:00,239.99976,236.15567,237.82309566666663,250.516416,236.889763,245.529754,-3.844089833984384,-0.016146716421580307,True,0.00911082156930147,-0.007035894852278777,5.158098940445812,False,0.00911082156930147,2.8437610018946624
2022-07-01 09:30:00-04:00,244.936422,239.80438,240.02076033333333,250.663083,236.97643,247.499752,-5.132039675781243,-0.021175157487660867,True,0.020273253837579046,-0.0009019036500818307,5.178372194283391,True,0.02095253794383117,2.8647135398384935
2022-07-05 09:30:00-04:00,244.999755,241.74046,245.108533,273.266393,236.97643,271.706395,-3.259291743164056,-0.013392525771424973,False,-0.00044389374531916007,-0.013836419516744181,5.177928300538071,True,0.013303244907996156,2.8780167847464897
2022-07-06 09:30:00-04:00,246.783087,247.41664,256.35407733333335,280.786386,243.482757,272.243061,0.6335542353515677,0.002563961678775412,True,0.038049842931393706,-0.035485881252618146,5.215978143469465,True,0.0025672514395265983,2.880584036186016
2022-07-07 09:30:00-04:00,255.106412,256.46097,264.32640266666664,280.786386,254.866412,268.433065,1.354556017578119,0.005295721487178076,True,0.03550395313011609,-0.030208231642938052,5.251482096599582,True,0.005309768605808775,2.885893804791825
2022-07-08 09:30:00-04:00,276.219724,263.73343,264.79195766666663,280.786386,256.263077,258.859741,-12.48629504492186,-0.04625779623561206,True,0.042252198193561845,-0.004005598042050243,5.293734294793143,True,0.045204212299197945,2.931098017091023
2022-07-11 09:30:00-04:00,272.216394,265.93933,261.8175273333334,275.925324,256.263077,274.819725,-6.27706294531248,-0.023329112151430922,True,0.038949515617463626,0.015620403466032653,5.332683810410607,True,0.02305909226507673,2.9541571093560997
2022-07-12 09:30:00-04:00,266.513067,265.21793,263.61752533333333,283.299717,256.263077,280.899719,-1.2951409746093532,-0.00487142390727999,True,0.010923989307873888,0.006052565400593746,5.343607799718481,True,0.004859577765503532,2.9590166871216033
2022-07-13 09:30:00-04:00,263.809736,263.22922,271.22974,298.319702,261.789772,297.149703,-0.5805184707031117,-0.0022029442096651226,False,-0.02773806447118683,-0.029941008680851863,5.315869735247294,True,0.0022005195088899664,2.961217206630493
2022-07-14 09:30:00-04:00,280.066387,275.5519,282.2997176666667,311.877921,272.799727,297.276369,-4.514476599609395,-0.016250638145271386,False,-0.007942663645961136,-0.024193301791232566,5.307927071601333,True,0.016119308882323657,2.9773365155128166
2022-07-15 09:30:00-04:00,280.699719,284.27478,288.92193333333336,311.877921,279.099721,300.586366,3.575061273437484,0.012655824275271614,True,0.028871042448738362,-0.016215218173466685,5.3367981140500715,True,0.0127362481379523,2.990072763650769
2022-07-18 09:30:00-04:00,301.274699,293.81458,296.27192600000006,311.877921,292.666374,307.396359,-7.460123804687498,-0.025073598074420726,True,0.016744768300795954,-0.008328829773624886,5.353542882350867,True,0.0247618662617517,3.014834629912521
2022-07-19 09:30:00-04:00,294.003039,294.39432,299.605256,313.606353,292.666374,308.633025,0.3912786269531239,0.0013299811096101268,True,0.01887569086041744,-0.017545709750807128,5.372418573211284,True,0.0013308659267060293,3.016165495839227
2022-07-20 09:30:00-04:00,304.999695,294.90204,297.2312583333333,313.606353,285.544381,288.169712,-10.097656425781224,-0.033667548045183605,True,0.025800293205992707,-0.007867254839190914,5.398218866417277,True,0.03310710335556639,3.0492725991947935
2022-07-21 09:30:00-04:00,310.999689,297.47235,293.209729,313.606353,285.544381,290.423043,-13.52733792578124,-0.044470629077664046,True,0.05890376058851233,0.014433131510848242,5.4571226270057895,True,0.04349630692325625,3.09276890611805
2022-07-22 09:30:00-04:00,302.669697,296.22906,284.66084866666665,305.199695,279.353054,283.33305,-6.440632058593735,-0.021509078909731198,True,0.061343635025107486,0.03983455611537646,5.518466262030897,True,0.021279408287093026,3.1140483144051427
2022-07-25 09:30:00-04:00,294.999705,289.0006,283.9359606666667,305.199695,279.353054,294.356372,-5.999094648437506,-0.020545556285994974,True,0.03822563421527251,0.017680077929277487,5.5566918962461695,True,0.020335934398434417,3.134384248803577
2022-07-26 09:30:00-04:00,290.293043,286.6469,282.85193933333335,298.236368,279.353054,286.629713,-3.6461313789062615,-0.01263972062432405,True,0.025967327711731103,0.013327607087406844,5.582659223957901,True,0.012560174853746879,3.146944423657324
2022-07-27 09:30:00-04:00,297.06637,288.50354,284.74527066666667,300.1597,283.369717,300.0297,-8.562829960937506,-0.029248225478688,True,0.04236058838264552,0.01311236290395761,5.625019812340546,True,0.0288246359254247,3.1757690595827484
2022-07-28 09:30:00-04:00,296.513037,289.25714,290.698598,313.13302,285.033048,309.319691,-7.255895886718747,-0.024775132970170047,True,0.019804202405228937,-0.004970930564941142,5.644824014745775,True,0.024470748268376297,3.2002398078511245
2022-07-29 09:30:00-04:00,289.414711,288.92148,296.38192566666663,314.666352,285.033048,306.563027,-0.49323272851563615,-0.0017056959507277274,False,-0.023788266367568853,-0.0254939623182966,5.6210357483782065,True,0.0017042420781286274,3.2019440499292533
2022-08-01 09:30:00-04:00,301.786365,293.55673,301.38192066666664,314.666352,300.033033,303.996363,-8.229632822265614,-0.027648450473213498,True,0.0013410665101566154,-0.026307383963056853,5.622376814888363,False,0.0013410665101566154,3.20328511643941
2022-08-02 09:30:00-04:00,311.666355,300.06024,301.589698,314.666352,300.033033,302.869697,-11.60611330078126,-0.03794998045857247,True,0.03286576289460188,-0.005084217563970749,5.655242577782965,True,0.037238903444618714,3.2405240198840284
2022-08-03 09:30:00-04:00,303.396363,299.14246,298.1285906666667,309.656357,292.499708,296.66637,-4.253906945312508,-0.01412017778442944,True,0.017515173632306275,0.003394995847876899,5.672757751415271,True,0.014020955634568724,3.254544975518597
2022-08-04 09:30:00-04:00,305.999694,297.80484,293.5497063333333,306.499694,286.29638,289.913043,-8.194853912109352,-0.027145729020445798,True,0.04153711983962,0.01439139081917412,5.714294871254891,True,0.026780595120821763,3.281325570639419
2022-08-05 09:30:00-04:00,298.999701,295.99768,288.9063776666667,300.3597,286.29638,296.453037,-3.002020335937516,-0.010090954691208017,True,0.03433989047226475,0.024248935781056823,5.748634761727156,True,0.010040211832644997,3.291365782472064
2022-08-08 09:30:00-04:00,291.913041,291.64523,290.23970933333334,303.646363,286.29638,297.09637,-0.2678078457031461,-0.0009178444599803395,True,0.005748787664884987,0.004830943204904637,5.754383549392041,True,0.0009174233695956943,3.2922832058416596
2022-08-09 09:30:00-04:00,291.453042,290.38123,292.0075826666667,303.646363,287.923045,296.07,-1.0718164140624822,-0.003684271230359974,False,-0.001900868062725888,-0.005585139293085806,5.752482681329315,True,0.0036774926303993843,3.295960698472059
2022-08-10 09:30:00-04:00,297.563036,292.80505,291.8565676666667,303.646363,287.47,288.09,-4.757982289062511,-0.016119046375430848,True,0.019363613289578988,0.0032445669141480406,5.771846294618895,True,0.01598982976186098,3.3119505282339197
2022-08-11 09:30:00-04:00,302.36,294.9744,286.59,302.96,280.7,284.82,-7.385604248046889,-0.02472980191215449,True,0.05356573747394948,0.028835935561794965,5.825412032092844,True,0.024426525492945127,3.336377053726865
2022-08-12 09:30:00-04:00,297.43,289.77158,280.27333333333337,302.0,272.65,277.7,-7.658424072265632,-0.026085959790611086,True,0.05941358570065689,0.033327625910045906,5.884825617793501,True,0.02574866043191888,3.362125714158784
2022-08-15 09:30:00-04:00,282.83,279.72964,275.0533333333333,288.48,271.81,275.61,-3.100355224609359,-0.011022428085148861,True,0.02788099217619406,0.016858564091045043,5.912706609969695,True,0.010961903704024889,3.373087617862809
2022-08-16 09:30:00-04:00,287.865,277.16083,270.2033333333333,288.48,266.15,277.16,-10.704172363281259,-0.03789367735025027,True,0.06331685824748252,0.025423180897232178,5.976023468217178,True,0.03718469547628666,3.4102723133390955
2022-08-17 09:30:00-04:00,280.62,273.30377,269.0133333333333,282.35,266.15,270.21,-7.3162280273437545,-0.026417546543986748,True,0.04224049629745945,0.015822949753472922,6.018263964514637,True,0.026071655717139743,3.436343969056235
2022-08-18 09:30:00-04:00,272.575,271.43085,266.99,282.35,265.74,274.42,-1.1441528320312386,-0.004206405225332221,True,0.020702601077104445,0.01649619585177217,6.038966565591742,True,0.0041975706944189254,3.440541539750654
2022-08-19 09:30:00-04:00,281.065,273.49487,269.03,283.84,265.74,283.7,-7.570126953124998,-0.027303083339067894,True,0.04376306176308502,0.016459978424017113,6.082729627354826,True,0.026933723349136313,3.4674752630997903
2022-08-22 09:30:00-04:00,272.675,271.02417,272.59,289.5,265.74,289.26,-1.6508300781250114,-0.006072605008512612,True,0.00031177501100775745,-0.00576082999750488,6.083041402365834,True,0.006054204008893413,3.473529467108684
2022-08-23 09:30:00-04:00,273.1,272.41336,281.09166666666664,299.85,272.27,299.68,-0.6866394042968977,-0.0025174076989404126,False,-0.028842803552860646,-0.03136021125180105,6.054198598812973,True,0.0025142416854518406,3.4760437087941356
2022-08-24 09:30:00-04:00,281.3,277.597,290.4683333333333,305.49,279.76,304.42,-3.7030151367187614,-0.01325134836565907,False,-0.032072847396004724,-0.04532419576166377,6.022125751416969,False,-0.032072847396004724,3.443970861398131
2022-08-25 09:30:00-04:00,291.67,285.78735,294.015,305.49,290.4,292.13,-5.882646484375016,-0.02037501109938151,False,-0.008007760249720317,-0.028382771349101846,6.014117991167248,False,-0.008007760249720317,3.4359631011484106
2022-08-26 09:30:00-04:00,300.72,292.13013,294.14666666666665,306.0,290.4,302.61,-8.589873046875027,-0.02898025600533834,True,0.022101090096470027,-0.006879165908868322,6.036219081263718,True,0.028564355702563934,3.4645274568509747
2022-08-29 09:30:00-04:00,292.9,293.55798,294.25489999999996,309.12,290.4,303.75,0.6579833984375227,0.002243924349752214,True,0.004615144674418916,-0.002371220324666831,6.040834225938137,True,0.0022464438321526895,3.4667739006831275
2022-08-30 09:30:00-04:00,292.24,292.4454,295.9884,309.12,291.64,303.35,0.2054040527343659,0.000702613951915692,True,0.012744881879927717,-0.01204226792801211,6.053579107818065,True,0.0007028608429180328,3.4674767615260453
2022-08-31 09:30:00-04:00,301.825,295.98438,298.0417333333333,309.84,295.6005,309.07,-5.840624999999989,-0.019540713449844174,True,0.012613857775666872,-0.006926855674177113,6.066192965593731,True,0.019351031226704177,3.4868277927527496
2022-09-01 09:30:00-04:00,299.605,299.65656,299.6601666666666,313.33,295.6005,308.73,0.05155517578123181,0.0001720623506151475,True,0.00018411437837877211,-1.205202776359852e-05,6.06637707997211,True,0.0001720771541904568,3.48699986990694
2022-09-02 09:30:00-04:00,300.09,299.4908,301.33666666666664,313.8,297.8,300.8,-0.5991857910156,-0.001998683000795235,False,-0.004145703944587527,-0.0061443869453827946,6.062231376027523,True,0.001996686963962811,3.488996556870903
2022-09-06 09:30:00-04:00,306.91,298.81335,297.3433333333333,313.8,285.82,288.59,-8.096645507812525,-0.0267353989895178,True,0.03166706936505593,0.004931670375538202,6.093898445392578,True,0.026381172030277684,3.5153777289011807
2022-09-07 09:30:00-04:00,308.29,299.46368,286.42333333333335,313.8,272.82,275.33,-8.82631591796877,-0.02904774337533959,True,0.07356999552318959,0.04452225214784994,6.167468440915767,True,0.028629913127149013,3.5440076420283297
2022-09-08 09:30:00-04:00,299.86,295.08084,276.31666666666666,301.29,270.31,276.01,-4.779158935546889,-0.01606634276173576,True,0.0817681480493926,0.06570180528765683,6.24923658896516,True,0.01593796750332451,3.5599456095316544
2022-09-09 09:30:00-04:00,283.09,278.86902,273.5466666666667,288.67,270.31,282.94,-4.220981445312475,-0.015022664245575391,True,0.034292633313778784,0.019269969068203406,6.283529222278939,True,0.014910386962847418,3.574855996494502
2022-09-12 09:30:00-04:00,271.83,275.1416,275.12999999999994,289.0,270.31,287.81,3.311601562500016,0.012109009014098166,True,0.012066842336883501,4.216667721481713e-05,6.295596064615823,True,0.012182619881911548,3.5870386163764136
2022-09-13 09:30:00-04:00,283.84,277.40485,273.61999999999995,289.0,265.78,268.21,-6.435153808593725,-0.022932721344754634,True,0.03667041662924673,0.013737695284492188,6.332266481245069,True,0.022671765109194355,3.609710381485608
2022-09-14 09:30:00-04:00,283.08,277.30923,268.6066666666666,289.0,262.47,265.25,-5.770765380859359,-0.020596289232159483,True,0.05248143937185517,0.03188515013969574,6.384747920616925,True,0.02038563438200989,3.630096015867618
2022-09-15 09:30:00-04:00,282.76,271.4429,256.42,283.65,241.01,242.4,-11.317098388671866,-0.040846671187007084,True,0.0977817561781986,0.0569350849911914,6.4825296767951235,True,0.040023689307794125,3.670119705175412
2022-09-16 09:30:00-04:00,266.145,256.19412,248.49666666666667,275.57,241.01,249.44,-9.950877685546857,-0.03810582563008256,True,0.0686118414131656,0.030506015783083186,6.551141518208289,True,0.03738893342180712,3.707508638597219
2022-09-19 09:30:00-04:00,254.5,248.34563,238.76333333333332,257.5,233.27,240.81,-6.1543731689453125,-0.024479403486741116,True,0.06382801176675269,0.03934860828001152,6.614969529975042,True,0.024182212844578832,3.731690851441798
2022-09-20 09:30:00-04:00,250.52,243.26328,236.87666666666667,257.5,233.27,238.13,-7.256724853515635,-0.02939446399394222,True,0.055999145785467726,0.026604681791525538,6.67096867576051,True,0.02896664878459059,3.7606575002263884
2022-09-21 09:30:00-04:00,245.01,238.86537,230.21333333333334,246.6697,222.02,223.07,-6.144628295898428,-0.025398931128078717,True,0.06229261077913652,0.0368936796510577,6.733261286539647,True,0.025079091857060646,3.785736592083449
2022-09-22 09:30:00-04:00,239.44,234.50652,225.24273333333335,244.58,218.3582,222.96,-4.93348449707031,-0.020819491383414972,True,0.061124228027726005,0.04030473664431112,6.794385514567373,True,0.020604262015829895,3.806340854099279
2022-09-23 09:30:00-04:00,233.935,228.12729,218.4594,234.5715,215.0,216.5,-5.807711181640627,-0.025139541529736915,True,0.06844311407912006,0.04330357254938324,6.862828628646493,True,0.02482617471366246,3.8311670288129416
2022-09-26 09:30:00-04:00,223.93,220.67671,214.95606666666666,226.99,211.51,217.24,-3.2532879638671943,-0.014634713961619536,True,0.04089983685483256,0.026265122893213172,6.903728465501326,True,0.014528147027496066,3.845695175840438
2022-09-27 09:30:00-04:00,220.945,216.59561,210.91,225.75,206.22,221.72,-4.349388427734368,-0.019881727920711505,True,0.04648229956897576,0.02660057164826413,6.9502107650703016,True,0.019685389702117577,3.8653805655425555
2022-09-28 09:30:00-04:00,215.33,212.93427,207.29666666666665,226.26,204.16,204.99,-2.3957348632812625,-0.011188231421912066,True,0.03802079556165119,0.02683256413973916,6.988231560631953,True,0.011125875926630113,3.8765064414691857
2022-09-29 09:30:00-04:00,208.3,210.70761,206.60999999999999,226.26,204.16,219.35,2.4076110839843636,0.011492094738379078,False,-0.008146390042209876,0.01963848478058908,6.980085170589743,True,0.011558382544332039,3.888064824013518
2022-09-30 09:30:00-04:00,224.01,213.87027,210.28666666666666,229.82,204.16,220.19,-10.139730224609366,-0.04632107851993195,True,0.06321901450696042,0.016897935987028486,7.043304185096703,True,0.04526463204593262,3.9333294560594503
2022-10-03 09:30:00-04:00,210.04,210.67545,214.82666666666668,229.82,209.45,222.04,0.635445556640633,0.0030207877869166486,True,0.022533512652374615,-0.01951272486545791,7.065837697749078,True,0.0030253549640098694,3.93635481102346
2022-10-04 09:30:00-04:00,229.5,215.96675,212.34333333333333,229.82,202.0,207.28,-13.533248901367188,-0.0607785637638106,True,0.07769856794413524,0.016920004180324622,7.143536265693213,True,0.05896840479898557,3.9953232158224457
2022-10-05 09:30:00-04:00,219.8,214.44313,207.85999999999999,222.93,202.0,214.44,-5.356869506835949,-0.024673464659530717,True,0.05585326580924548,0.031179801149714692,7.199389531502459,True,0.024371562815450176,4.019694778637896
2022-10-06 09:30:00-04:00,208.28,208.61845,201.4621,215.55,198.5863,211.25,0.33845397949218636,0.0016236762243548738,False,-0.033282053929001916,0.0349057301533567,7.1661074775734575,True,0.0016249951003081734,4.021319773738204
2022-10-07 09:30:00-04:00,206.415,204.09302,204.12876666666668,224.3498,198.5863,222.415,-2.321982421874992,-0.01131284694297443,True,0.01113770151951707,-0.00017514542345750968,7.177245179092974,True,0.011249097313058606,4.032568871051263
2022-10-10 09:30:00-04:00,205.82,204.87271,208.92876666666666,230.6,198.5863,224.64,-0.9472888183593682,-0.004613135186024134,False,-0.014991364115250495,-0.019604499301274565,7.162253814977724,True,0.004602511021083317,4.037171382072346
2022-10-11 09:30:00-04:00,210.1,209.29964,217.01666666666665,233.81,210.0,225.09,-0.8003631591796818,-0.003816713513643536,False,-0.032390547655672834,-0.03620726116931638,7.129863267322051,False,-0.032390547655672834,4.004780834416673
2022-10-12 09:30:00-04:00,219.4,216.56721,219.13333333333333,233.81,216.35,228.52,-2.832785034179693,-0.01299558684596702,True,0.0012161752791205764,-0.011779411566846486,7.131079442601171,True,0.012911508815768883,4.017692343232442
2022-10-13 09:30:00-04:00,229.77,220.19202,220.38,233.81,216.35,227.54,-9.57798339843751,-0.042578840173697695,True,0.041725479529981006,-0.0008533606437167535,7.172804922131152,True,0.04168509117133442,4.0593774344037765
2022-10-14 09:30:00-04:00,225.4,220.01598,221.85666666666665,237.3951,216.35,227.82,-5.384024047851568,-0.024176439925560008,True,0.015845073897949775,-0.00833136602761028,7.188649996029102,True,0.02388653082454112,4.083263965228317
2022-10-17 09:30:00-04:00,226.19,218.5799,221.34666666666666,237.3951,214.82,214.98,-7.610104980468748,-0.03422375407544134,True,0.021645254082124244,-0.012578499993316984,7.210295250111226,True,0.03364474548153653,4.116908710709854
2022-10-18 09:30:00-04:00,234.05,221.92105,217.41333333333333,237.3951,210.14,215.31,-12.128948974609386,-0.05321307513548021,True,0.07373446405953397,0.020521388924053655,7.28402971417076,True,0.05182204219017041,4.168730752900024
2022-10-19 09:30:00-04:00,226.04,221.3492,209.34666666666666,227.8699,203.08,207.47,-4.6908026123046795,-0.020970441577437892,True,0.07672040472243134,0.05574996314499339,7.360750118893192,True,0.0207520908348287,4.189482843734853
2022-10-20 09:30:00-04:00,211.36,211.79286,203.29333333333332,223.8,196.66,197.08,0.43286193847654886,0.0020458899296022792,False,-0.0389129129384187,0.040958802868020894,7.321837205954773,True,0.0020479841903697426,4.191530827925222
2022-10-21 09:30:00-04:00,222.6,211.50548,195.49666666666667,223.8,186.75,191.3,-11.094522094726557,-0.051125540429177614,True,0.12983310985976215,0.07870756943058453,7.4516703158145345,True,0.04984062037163772,4.24137144829686
2022-10-24 09:30:00-04:00,208.65,199.38193,186.84333333333333,208.9,177.12,177.59,-9.26807250976563,-0.04543598806955846,True,0.11038773098618807,0.06495174291662954,7.562058046800723,True,0.044419230816034654,4.285790679112894
2022-10-25 09:30:00-04:00,194.02,187.87592,181.29999999999998,195.89,177.12,190.72,-6.14408447265626,-0.03217952540550502,True,0.06780812877233235,0.0356286033668271,7.6298661755730555,True,0.03166727385143934,4.317457952964333
2022-10-26 09:30:00-04:00,190.775,185.89728,179.91333333333333,196.52,177.12,195.97,-4.877722167968756,-0.025900471739850744,True,0.05861946971639641,0.03271899797654553,7.688485645289452,True,0.02556793168899885,4.343025884653332
2022-10-27 09:30:00-04:00,189.9,184.92368,182.98666666666668,196.52,180.03,190.95,-4.976324462890631,-0.026554442532404837,True,0.03708432737621021,0.010529884843805279,7.725569972665662,True,0.026204973474937495,4.36923085812827
2022-10-28 09:30:00-04:00,186.0,185.46675,186.99666666666667,200.8237,182.59,194.42,-0.5332489013671875,-0.0028710470914753688,False,-0.0053441176705696265,-0.008215164762044962,7.720225854995093,True,0.0028669295772429434,4.3720977877055125
2022-10-31 09:30:00-04:00,192.77,188.49487,188.01999999999998,200.8237,185.66,186.92,-4.27512695312501,-0.022426960581643996,True,0.02494942825909541,0.0025224676774512366,7.745175283254188,True,0.02217734581690621,4.394275133522418
2022-11-01 09:30:00-04:00,195.88,188.55023,186.20666666666668,200.8237,180.9,183.17,-7.3297680664062455,-0.03813777303984806,True,0.05064505883688803,0.012507285797040016,7.795820342091075,True,0.03741968586076295,4.431694819383181
2022-11-02 09:30:00-04:00,191.51,186.89319,181.03666666666666,192.57,176.55,180.19,-4.616811523437491,-0.02440275752927117,True,0.05624043755997271,0.031837680030701324,7.852060779651048,True,0.024107417489621905,4.455802236872803
2022-11-03 09:30:00-04:00,183.96,180.4576,174.99666666666667,186.16,167.54,167.87,-3.5024041748046955,-0.01922251867446755,True,0.049951416548664765,0.030728897874197247,7.902012196199713,True,0.01903894419876438,4.474841181071568
2022-11-04 09:30:00-04:00,185.05,177.60928,170.09166666666667,185.19,166.185,169.91,-7.440716552734386,-0.041039957977679425,True,0.08428855142016844,0.04324859344248905,7.9863007476198815,True,0.04020922211691103,4.5150504031884795
2022-11-07 09:30:00-05:00,175.85,173.58852,168.74166666666667,183.62,166.185,183.2,-2.261483764648432,-0.012943709599817811,True,0.04126241310276812,0.02831870350295019,8.02756316072265,True,0.012860300054867397,4.5279107032433465
2022-11-08 09:30:00-05:00,168.63,171.07121,173.10500000000002,185.2,166.185,182.86,2.441212768554692,0.014372953068690813,True,0.026191381120456277,-0.011818428051765384,8.053754541843107,True,0.014476740606977952,4.542387443850324
2022-11-09 09:30:00-05:00,173.57,173.19238,177.37666666666667,188.5,172.5,182.92,-0.3776171874999932,-0.0021779602141760173,False,-0.02169455549173768,-0.023872515705913727,8.032059986351369,True,0.0021755901797545266,4.544563034030078
2022-11-10 09:30:00-05:00,185.06,177.9179,179.46,188.5,178.75,180.83,-7.142107543945315,-0.03935793128715037,True,0.030727754950972557,-0.008630176336177806,8.06278774130234,False,0.030727754950972557,4.575290788981051
2022-11-11 09:30:00-05:00,179.96,178.06688,179.4600333333333,194.76,178.75,194.7,-1.8931207275390705,-0.010575397998537786,True,0.002782076360664941,-0.007793321637872936,8.065569817663006,False,0.002782076360664941,4.578072865341716
2022-11-14 09:30:00-05:00,184.99,180.52176,183.72670000000002,198.92,178.75,194.7,-4.468240966796884,-0.024450450395362963,True,0.006852442231584753,-0.01759800816377814,8.07242225989459,True,0.02415395949400986,4.602226824835726
2022-11-15 09:30:00-05:00,182.43,179.96426,187.84670000000003,198.92,180.6301,194.86,-2.465736083984382,-0.01360824042027465,False,-0.029259666857666084,-0.0428679072779407,8.043162593036925,False,-0.029259666857666084,4.57296715797806
2022-11-16 09:30:00-05:00,197.08,186.13356,187.82000000000002,198.92,180.55,182.45,-10.94643981933595,-0.057145256160792655,True,0.0481256802992948,-0.009019575861497913,8.09128827333622,True,0.05554312877682134,4.6285102867548815
2022-11-17 09:30:00-05:00,191.78,187.55057,182.33,196.25,175.33,179.82,-4.229432373046876,-0.022300378665545205,True,0.050530649674421765,0.02823027100887661,8.141818923010641,True,0.022053563317587215,4.650563850072468
2022-11-18 09:30:00-05:00,189.44,186.34932,176.03266666666664,191.27,172.218,174.04,-3.0906805419921852,-0.016449377732996654,True,0.07340276781955696,0.05695339008656016,8.215221690830198,True,0.01631482549615807,4.6668786755686265
2022-11-21 09:30:00-05:00,181.215,178.81403,172.20266666666666,183.65,169.06,173.44,-2.4009741210937534,-0.013337867463934594,True,0.051012093896766836,0.037674226432832296,8.266233784726964,True,0.013249312259436324,4.680127987828063
2022-11-22 09:30:00-05:00,175.03,174.80101,171.54600000000002,182.5,169.06,179.05,-0.22898986816406364,-0.0013091458117594334,True,0.02010593558738101,0.018796789775621568,8.286339720314345,True,0.0013082892542082137,4.681436277082271
2022-11-23 09:30:00-05:00,172.2,172.69633,169.98000000000002,182.5,167.52,167.82,0.49633483886719887,0.0028781702289176563,False,-0.012975808923150044,0.015853979152067522,8.273363911391195,True,0.0028823161374401792,4.684318593219711
2022-11-25 09:30:00-05:00,173.84,170.48611,165.92999999999998,182.5,156.91,160.95,-3.3538854980468784,-0.01948148241225179,True,0.04656932327347791,0.02708784086122625,8.319933234664672,True,0.01929294465052277,4.703611537870233
2022-11-28 09:30:00-05:00,176.1,168.77702,159.91333333333333,177.37,155.31,156.8,-7.322976684570307,-0.0424735604047593,True,0.09642001368938616,0.053946453284626765,8.416353248354058,True,0.0415841946880767,4.74519573255831
2022-11-29 09:30:00-05:00,174.87,164.33057,155.16666666666666,175.05,153.28,157.67,-10.539433593750005,-0.06216279277721916,True,0.11954303267655604,0.05738023989933698,8.535896281030615,True,0.06027010690084065,4.80546583945915
2022-11-30 09:30:00-05:00,159.25,155.82092,152.87666666666667,161.62,150.04,150.23,-3.4290771484375,-0.02176787701824439,True,0.04084379835118909,0.01907592133294458,8.576740079381803,True,0.021532666552197804,4.826998506011348
2022-12-01 09:30:00-05:00,153.44,153.1249,149.71333333333334,160.99,145.82,149.87,-0.3151068115234352,-0.0020557273810227657,True,0.024587256652842397,0.022531529271819683,8.601327336034645,True,0.0020536158206688948,4.829052121832017
2022-12-02 09:30:00-05:00,159.635,152.32623,144.50666666666666,160.99,137.66,137.8,-7.308767089843741,-0.0468654691722789,True,0.09956431662922795,0.05269884745694912,8.700891652663874,True,0.045784239608129426,4.874836361440146
2022-12-05 09:30:00-05:00,154.0,146.99681,139.79,155.25,135.89,137.57,-7.0031890869140625,-0.046541710339024385,True,0.09681130593059213,0.05026959559156767,8.797702958594465,True,0.045475253811130274,4.9203116152512765
2022-12-06 09:30:00-05:00,146.05,138.90956,131.93666666666664,148.47,122.26,125.35,-7.140438842773449,-0.050125946617214596,True,0.10162701936705887,0.05150107274984417,8.899329977961525,True,0.04889037208335124,4.969201987334627
2022-12-07 09:30:00-05:00,139.335,132.09047,126.38999999999999,141.26,121.02,123.15,-7.2445306396484455,-0.05339404374062583,True,0.0975087408485592,0.0441146971079333,8.996838718810084,True,0.05199361710732009,5.021195604441948
2022-12-08 09:30:00-05:00,136.0,126.90912,117.34666666666668,136.63,108.76,109.1,-9.09088134765625,-0.06918365660483557,True,0.1475223688985506,0.07833871229371513,9.144361087708635,True,0.06684471579159007,5.088040320233538
2022-12-09 09:30:00-05:00,126.37,119.969154,112.67333333333333,128.6173,108.24,112.71,-6.400845642089848,-0.05197944904820581,True,0.11472133510861707,0.06274188606041131,9.259082422817253,True,0.05065162334485913,5.138691943578397
2022-12-12 09:30:00-05:00,117.495,116.5707,111.49833333333333,123.57,108.24,121.82,-0.9242984008789108,-0.007897809880012962,True,0.05238613638196488,0.044488326501952,9.311468559199218,True,0.007866704122549136,5.146558647700947
2022-12-13 09:30:00-05:00,110.35,114.973495,115.16166666666668,124.48,108.24,123.18,4.623495483398443,0.04104449503987266,True,0.042679805554309634,-0.001635310514436936,9.354148364753527,True,0.041898463827806466,5.188457111528753
2022-12-14 09:30:00-05:00,120.385,114.92783,113.96166666666666,124.48,104.64,108.1,-5.457166442871099,-0.04639054330043058,True,0.05483280585840423,0.008442262557973623,9.408981170611932,True,0.04533095022528636,5.23378806175404
2022-12-15 09:30:00-05:00,119.95,115.99657,110.63666666666666,124.48,104.64,113.64,-3.9534332275390653,-0.033514395406462394,True,0.08082343012467504,0.04730903471821251,9.489804600736607,True,0.03295900981691593,5.266747071570956
2022-12-16 09:30:00-05:00,118.47,114.76047,106.44003333333335,118.8,104.64,110.34,-3.709532470703124,-0.03181269888744817,True,0.10707800469175158,0.0752653058043034,9.596882605428359,True,0.0313119985709726,5.298059070141928
2022-12-19 09:30:00-05:00,109.11,106.33733,105.49669999999999,114.59,101.81,113.06,-2.7726663208007807,-0.025740113450401163,True,0.03367687486095697,0.007936761410555836,9.630559480289316,True,0.02541166090001632,5.323470731041945
2022-12-20 09:30:00-05:00,110.51,108.15428,108.69336666666668,123.52,101.81,119.77,-2.3557183837890676,-0.021547273376293297,True,0.01657524656127849,-0.004972026815014861,9.647134726850593,True,0.021316789284128744,5.344787520326073
2022-12-21 09:30:00-05:00,103.0,107.49439,111.28000000000002,123.52,101.81,118.85,4.494392395019531,0.04270969421024501,True,0.07732055938555178,-0.03461086517530689,9.724455286236145,True,0.04363487762154885,5.388422397947622
2022-12-22 09:30:00-05:00,118.96,113.59686,117.51333333333334,125.95,114.92,123.22,-5.363137207031244,-0.046131412505262405,True,0.012235499828201867,-0.033895912677060595,9.736690786064347,False,0.012235499828201867,5.400657897775823
2022-12-23 09:30:00-05:00,121.07,116.49516,117.47666666666667,125.95,114.92,123.56,-4.574837036132806,-0.03851913819931464,True,0.030129158415647662,-0.00838997978366703,9.766819944479995,True,0.037786710466117174,5.438444608241941
2022-12-27 09:30:00-05:00,122.09,116.332275,117.70333333333333,125.95,115.6,122.4,-5.757724609375003,-0.048307938251193255,True,0.03659114322648511,-0.011716795024708107,9.803411087706479,True,0.04715967408776315,5.485604282329704
2022-12-28 09:30:00-05:00,122.56,117.998344,119.20666666666666,131.7,115.6,131.49,-4.5616555786132835,-0.037930111952273644,True,0.02774202451333403,-0.010188087438939543,9.831153112219813,True,0.03721977462967757,5.522824056959381
2022-12-29 09:30:00-05:00,116.55,117.80478,122.54333333333334,136.68,115.6,128.78,1.2547790527343778,0.010708474121083649,True,0.05014434344784196,-0.0394358693267584,9.881297455667655,True,0.010766015038476,5.533590071997857
2022-12-30 09:30:00-05:00,125.695,121.322296,125.44606666666668,136.68,124.3082,127.17,-4.372703857421868,-0.0354077285845377,True,0.001982419029772303,-0.03342530955476529,9.883279874697427,False,0.001982419029772303,5.535572491027629
2023-01-03 09:30:00-05:00,136.555,127.35765,126.22160000000001,136.68,124.3082,133.42,-9.19734924316407,-0.06972818763801271,True,0.07868837151802688,0.008960183880014351,9.961968246215454,True,0.06735270948089832,5.602925200508528
2023-01-04 09:30:00-05:00,127.26,128.0167,128.6416,145.3793,124.3082,143.75,0.7566931152343699,0.005928432574447578,True,0.01079800535960659,-0.004869572785158962,9.972766251575061,True,0.005946040509463853,5.608871241017992
2023-01-05 09:30:00-05:00,128.68,128.95721,134.23886666666667,146.5,127.3466,143.89,0.2772143554687432,0.002151975312602404,True,0.042292097722046215,-0.04014012240944361,10.015058349297107,True,0.002154292473334964,5.611025533491327
2023-01-06 09:30:00-05:00,135.87,132.33792,137.81333333333333,146.5,134.27,144.43,-3.5320788574218795,-0.026339886234379162,False,-0.014201566249840442,-0.040541452484219545,10.000856783047267,False,-0.014201566249840442,5.596823967241487
2023-01-09 09:30:00-05:00,143.0,142.42421,144.64333333333332,161.42,138.07,160.27,-0.5757904052734375,-0.004034634533375452,False,-0.011426311841124219,-0.015460946374499714,9.989430471206143,True,0.004026506330583479,5.60085047357207
2023-01-10 09:30:00-05:00,141.905,148.79239,151.33333333333334,180.68,138.07,177.9,6.887388916015624,0.04739415170586993,True,0.06432708974626981,-0.016932938040399803,10.053757560952413,True,0.04853520958398664,5.649385683156057
2023-01-11 09:30:00-05:00,159.965,156.65977,160.80999999999997,180.68,154.76,166.66,-3.305225219726566,-0.020878627000395535,False,-0.005268502561377158,-0.026147129561772696,10.048489058391036,True,0.02066217747461361,5.67004786063067
2023-01-12 09:30:00-05:00,162.43,159.73083,163.48333333333332,180.68,161.17,173.22,-2.699165039062507,-0.01675702261612798,False,-0.0064639086109103665,-0.023220931227038437,10.042025149780125,False,-0.0064639086109103665,5.66358395201976
2023-01-13 09:30:00-05:00,178.05,165.9706,166.40333333333334,183.805,162.78,181.41,-12.079403686523449,-0.07025376769843589,True,0.06764984948603546,-0.002603918212400497,10.10967499926616,True,0.06784276150813506,5.731426713527895
2023-01-17 09:30:00-05:00,164.57,168.66158,171.77333333333334,196.7501,162.78,188.27,4.091575317382819,0.024558182691142755,True,0.04283976664792286,-0.018281583956780142,10.152514765914082,True,0.02486221861446691,5.756288932142362
2023-01-18 09:30:00-05:00,173.89,173.53247,178.74333333333334,199.0,169.93,189.98,-0.35752929687498636,-0.0020581824909751373,False,-0.027527969447329093,-0.029586151938304227,10.124986796466754,True,0.002056065885761035,5.758344998028123
2023-01-19 09:30:00-05:00,187.325,180.21672,185.40666666666667,199.0,182.61,194.76,-7.108279418945301,-0.03868494636270998,True,0.010293465476717884,-0.028391480885992092,10.135280261943471,False,0.010293465476717884,5.768638463504841
2023-01-20 09:30:00-05:00,183.95,184.89601,187.72000000000003,199.0,183.69,196.81,0.9460113525390739,0.005129584692577292,True,0.020287509375433724,-0.015157924682856334,10.155567771318905,True,0.005142763536499451,5.77378122704134
2023-01-23 09:30:00-05:00,193.01,189.15302,191.26,203.0,189.55,201.29,-3.856984863281241,-0.02018570962894726,True,0.00910824211271992,-0.011077467516227273,10.164676013431626,False,0.00910824211271992,5.7828894691540595
2023-01-24 09:30:00-05:00,196.43,192.76944,196.21,214.0,189.55,207.32,-3.660560302734382,-0.01881127192769323,True,0.0011206195141747854,-0.017690652413518523,10.165796632945801,True,0.01863544419250818,5.801524913346568
2023-01-25 09:30:00-05:00,196.1,192.37794,197.32333333333335,214.0,192.89,196.89,-3.722055053710932,-0.019162832797652945,False,-0.00621893605386439,-0.0253817688515173,10.159577696891937,False,-0.00621893605386439,5.795305977292704
2023-01-26 09:30:00-05:00,207.775,196.47171,195.09,214.0,187.61,194.64,-11.30328979492188,-0.05593731091621644,True,0.06299477288992,0.007057461973703522,10.222572469781857,True,0.05440158726950731,5.849707564562211
2023-01-27 09:30:00-05:00,202.225,196.93396,189.98000000000002,209.82,187.61,209.25,-5.291040039062494,-0.02651249499238655,True,0.06246213544197977,0.0359496404495932,10.285034605223837,True,0.026164124312337715,5.875871688874549
2023-01-30 09:30:00-05:00,194.415,194.024,194.38666666666668,214.66,187.61,214.24,-0.39099792480467954,-0.00201317609597066,True,0.00014574697493652714,-0.0018674291210342441,10.285180352198774,True,0.002011151016149369,5.877882839890698
2023-01-31 09:30:00-05:00,191.94,191.20157,199.13,217.65,189.44,202.04,-0.7384313964843727,-0.0038546186125507126,False,-0.0367750545811021,-0.0406296731936529,10.248405297617671,True,0.0038471991064101944,5.881730038997108
2023-02-01 09:30:00-05:00,211.755,199.16704,201.8166666666667,217.65,197.5,208.31,-12.587962036132808,-0.06128608661472778,True,0.04807025147200683,-0.013215835142720934,10.296475549089678,True,0.05944587866228806,5.941175917659396
2023-02-02 09:30:00-05:00,210.78,202.36736,198.85333333333335,217.65,197.22,197.37,-8.412644653320314,-0.040730298913605655,True,0.05824740093836081,0.017517102024755208,10.354722950028039,True,0.03991196818161265,5.981087885841008
2023-02-03 09:30:00-05:00,199.985,199.64752,195.5,209.71,191.78,200.86,-0.33747802734376364,-0.001688942160662894,True,0.02268198430997559,0.020993042149312826,10.377404934338015,True,0.0016875167004713535,5.982775402541479
2023-02-06 09:30:00-05:00,204.99,198.6098,195.11,209.71,191.78,202.07,-6.380197753906259,-0.03161909034016592,True,0.04939769537898934,0.017778605038823343,10.426802629717004,True,0.03112443413779335,6.013899836679273
2023-02-07 09:30:00-05:00,197.93,195.94446,193.63666666666668,205.14,191.78,196.88,-1.9855419921875068,-0.01008219127228107,True,0.02192988198354114,0.01184769071125985,10.448732511700545,True,0.010031536362287206,6.0239313730415605
2023-02-08 09:30:00-05:00,203.91,198.09892,196.79666666666665,209.42,192.8,207.63,-5.811077270507809,-0.02891220435060623,True,0.035507673221324136,0.0065954688707180326,10.48424018492187,True,0.02849824565007998,6.05242961869164
2023-02-09 09:30:00-05:00,196.325,197.88008,199.26999999999998,211.23,192.8,205.71,1.5550811767578239,0.007889747330736437,True,0.01488923978355438,-0.006999492452818121,10.499129424705425,True,0.007920953402561182,6.060350572094201
2023-02-10 09:30:00-05:00,202.03,198.89287,201.17666666666665,211.23,198.52,202.77,-3.1371319580078136,-0.01564987301196104,True,0.00423274056662209,-0.01141713244533897,10.503362165272046,True,0.015528050081709715,6.075878622175911
2023-02-13 09:30:00-05:00,210.59,200.5405,196.09333333333333,211.23,186.01,190.9,-10.049503173828128,-0.048896909657209935,True,0.07132237882768364,0.022425469170473715,10.57468454409973,True,0.04772070456255344,6.123599326738464
2023-02-14 09:30:00-05:00,206.21,200.05267,192.47,207.2,186.01,197.79,-6.157326660156258,-0.030314368439840596,True,0.06895476958514236,0.03864040114530189,10.643639313684872,True,0.0298594959514876,6.153458822689952
2023-02-15 09:30:00-05:00,186.74,191.72827,190.39666666666668,200.48,186.01,193.81,4.988271484374991,0.02636184187048002,True,0.019392340145434568,0.006969501725045409,10.663031653830307,True,0.02671238879926631,6.180171211489219
2023-02-16 09:30:00-05:00,194.795,190.57303,190.42666666666665,200.48,186.1,187.71,-4.2219714355468625,-0.02191225037738559,True,0.02268055495514833,0.0007683045777627947,10.685712208785455,True,0.02167392097100471,6.201845132460224
2023-02-17 09:30:00-05:00,198.54,193.73734,186.13333333333333,198.6,180.0,182.0,-4.802664794921867,-0.024487291748081827,True,0.06452732838152268,0.040040036633440926,10.750239537166978,True,0.024189910319944934,6.226035042780168
2023-02-21 09:30:00-05:00,191.38,189.606,179.53746666666666,194.2,172.5124,172.92,-1.773997192382808,-0.00931273065364672,True,0.063877066255427,0.05456433560178011,10.814116603422406,True,0.009269501475508455,6.235304544255677
2023-02-22 09:30:00-05:00,185.04,179.848,173.6508,186.5,168.44,173.44,-5.1919927978515545,-0.028459928175724125,True,0.06352563177567354,0.03506570359994945,10.87764223519808,True,0.02805875917559206,6.2633633034312695
2023-02-23 09:30:00-05:00,180.25,173.00328,168.28746666666666,185.18,163.91,174.48,-7.2467193603515625,-0.04103421861211727,True,0.0686711479334579,0.027636929321340452,10.946313383131537,True,0.040203713510965675,6.303567016942235
2023-02-24 09:30:00-05:00,175.13,172.96317,169.83003333333332,183.8,163.91,183.26,-2.1668347167968705,-0.012449900895062024,True,0.030730422293208135,0.0182805213981461,10.977043805424746,True,0.012372721502865702,6.315939738445101
2023-02-27 09:30:00-05:00,167.455,171.37326,172.36003333333335,183.8,163.91,180.45,3.9182604980468625,0.023129329110256374,True,0.02887084768726797,-0.0057415185770115906,11.005914653112013,True,0.023398886256288928,6.33933862470139
2023-02-28 09:30:00-05:00,177.31,175.07855,177.33669999999998,185.81,176.03,184.13,-2.2314477539062523,-0.012664869879696347,False,-0.00015057238683134606,-0.012815442266527676,11.005764080725182,False,-0.00015057238683134606,6.339188052314559
2023-03-01 09:30:00-05:00,180.8,177.27376,177.4,186.2199,176.03,180.13,-3.526242065429699,-0.01969625522567159,True,0.018984378082597043,-0.0007118771430745329,11.02474845880778,True,0.019503551246845677,6.358691603561405
2023-03-02 09:30:00-05:00,180.365,176.70651,177.50666666666666,186.44,176.35,183.25,-3.658487548828134,-0.020492340878048822,True,0.01597440860613146,-0.004517932271917208,11.040722867413912,True,0.02028379978836323,6.378975403349768
2023-03-03 09:30:00-05:00,184.515,178.95921,180.57333333333335,198.0,176.35,197.58,-5.555786743164049,-0.0305728400122442,True,0.021593786869796856,-0.008979053142447234,11.062316654283709,True,0.03011021728945641,6.409085620639225
2023-03-06 09:30:00-05:00,178.08,177.7499,185.11333333333332,200.66,176.35,191.15,-0.33010681152345,-0.0018554197527764005,False,-0.03873536259319747,-0.040590782345973825,11.023581291690512,True,0.0018536995256258422,6.41093932016485
2023-03-07 09:30:00-05:00,188.28,183.25562,189.21333333333334,200.66,188.04,192.22,-5.024384765625001,-0.027048233756115647,False,-0.004944909765285606,-0.03199314352140127,11.018636381925226,False,-0.004944909765285606,6.405994410399565
2023-03-08 09:30:00-05:00,199.3,190.08112,188.91666666666666,200.66,187.15,190.41,-9.218884277343761,-0.04736032130866427,True,0.05350522649922047,0.006144905190556165,11.072141608424447,True,0.046256318501473964,6.4522507289010385
2023-03-09 09:30:00-05:00,195.26,190.75748,188.58,199.31,187.15,191.81,-4.502523193359366,-0.023329137511802073,True,0.03480968375999406,0.011480546248192057,11.10695129218444,True,0.023059117040660482,6.475309845941699
2023-03-10 09:30:00-05:00,191.65,187.86423,187.50666666666666,197.39,185.43,189.19,-3.7857727050781307,-0.01995128514499985,True,0.021856391492626883,0.0019051063476270733,11.128807683677067,True,0.019753575293911457,6.495063421235611
2023-03-13 09:30:00-04:00,194.415,188.2138,188.26999999999998,197.39,185.43,193.88,-6.201193847656242,-0.03241646614367691,True,0.032117946806827696,-0.00029851933684925185,11.160925630483895,True,0.03189668414297375,6.526960105378585
2023-03-14 09:30:00-04:00,192.0,189.86195,189.76333333333332,197.33,185.43,195.28,-2.1380462646484375,-0.011198123227035126,True,0.011717690324360406,0.0005195670973253214,11.172643320808255,True,0.01113565762837728,6.538095763006962
2023-03-15 09:30:00-04:00,193.13,191.89883,193.68666666666664,207.79,189.44,207.46,-1.2311657714843705,-0.006395209179792607,False,-0.002878195791043078,-0.0092734049708357,11.169765125017213,True,0.006374803352583081,6.544470566359545
2023-03-16 09:30:00-04:00,195.58,193.21959,194.60666666666665,207.79,192.2,194.77,-2.360410766601575,-0.01214219269807886,True,0.0049890754113873,-0.007153117286691569,11.1747542004286,True,0.012068773732496037,6.556539340092041
2023-03-17 09:30:00-04:00,197.53,193.48445,193.24,207.79,190.32,192.58,-4.045548706054689,-0.020693317368764383,True,0.021957531853703274,0.0012642144849389534,11.196711732282303,True,0.020480679927376542,6.577020020019417
2023-03-20 09:30:00-04:00,199.91,193.26685,188.76,202.6897,183.76,185.52,-6.643154296874997,-0.033795411078550594,True,0.05739089840946463,0.023595487330914072,11.254102630691767,True,0.033230725310764826,6.610250745330182
2023-03-21 09:30:00-04:00,197.32,192.48245,184.60666666666665,198.7446,179.74,185.06,-4.837547607421868,-0.024821783194887415,True,0.06659934082826373,0.04177755763337634,11.32070197152003,True,0.024516255865709855,6.634767001195892
2023-03-22 09:30:00-04:00,190.515,186.9119,179.87,190.68,176.11,184.51,-3.6031042480468614,-0.01909357150530078,True,0.057496563884512894,0.03840299237921222,11.378198535404543,True,0.01891244389180307,6.653679445087695
2023-03-23 09:30:00-04:00,183.08,181.88298,180.4991666666667,189.19,176.11,186.79,-1.197019653320325,-0.006559700627501819,True,0.014197054828333926,0.007637354200832156,11.392395590232876,True,0.00653823275792181,6.660217677845617
2023-03-24 09:30:00-04:00,179.94,180.8079,180.6891666666667,191.5846,176.11,180.54,0.8679071044921898,0.004811718997823676,True,0.004154781773645753,0.0006569372241781228,11.396550372006523,True,0.004823313907370177,6.665040991752988
2023-03-27 09:30:00-04:00,186.69,182.68134,182.29916666666668,191.5846,180.31,185.9,-4.008664550781248,-0.02170618863937086,True,0.02380037679466817,0.0020941881552973096,11.42035074880119,True,0.02147230462682119,6.686513296379808
2023-03-28 09:30:00-04:00,190.74,184.9146,181.08666666666667,191.5846,180.31,185.0,-5.825403442382822,-0.031017165890193366,True,0.05193550612051009,0.020918340230316686,11.4722862549217,True,0.030541068692370877,6.71705436507218
2023-03-29 09:30:00-04:00,182.955,181.65535,181.88,189.69,180.94,187.04,-1.2996502685547,-0.007129011964858888,True,0.005893092006501538,-0.0012359199583573464,11.478179346928203,True,0.007103660837663359,6.724158025909843
2023-03-30 09:30:00-04:00,183.95,182.1625,182.75916666666663,189.69,182.01,184.31,-1.7874938964843636,-0.009764802185084683,True,0.006494724580123039,-0.0032700776049616005,11.484674071508326,True,0.009717281307335492,6.733875307217179
2023-03-31 09:30:00-04:00,186.32,182.63428,181.30583333333334,189.69,177.65,180.59,-3.685722656249993,-0.01997995682971964,True,0.027280333300710263,0.007300376470990587,11.511954404809037,True,0.019781680207438777,6.753656987424618
2023-04-03 09:30:00-04:00,187.15,181.82915,173.92916666666665,187.69,160.56,162.99,-5.320852661132818,-0.028842939061553472,True,0.07326230614137867,0.044419367079825293,11.585216710950416,True,0.028430951969718503,6.782087939394336
2023-04-04 09:30:00-04:00,179.1,175.90103,166.51026666666667,183.5,160.56,165.08,-3.1989685058593693,-0.018022793246313035,True,0.07288733988550804,0.05486454663919495,11.658104050835924,True,0.01786135402489877,6.799949293419235
2023-04-05 09:30:00-04:00,166.165,164.83722,160.1636,169.7,158.61,162.55,-1.327780761718742,-0.008022833724474682,True,0.03678547775643846,0.028762644031963835,11.694889528592363,True,0.007990736687742557,6.807940030106978
2023-04-06 09:30:00-04:00,164.8,160.32738,159.56026666666665,166.0,158.61,160.67,-4.472622680664074,-0.027514784424162067,True,0.03231091917692322,0.00479613475276121,11.727200447769286,True,0.027139700732184913,6.835079730839163
2023-04-10 09:30:00-04:00,164.65,161.13638,156.83333333333334,165.65,153.14,153.75,-3.5136169433593807,-0.021570902693708642,True,0.04863833846504868,0.02706743577134003,11.775838786234335,True,0.021339914627144733,6.856419645466308
2023-04-11 09:30:00-04:00,159.82,159.44937,154.75333333333333,163.47,152.37,160.19,-0.3706286621093682,-0.002321731189207022,True,0.03221573049512566,0.029893999305918666,11.808054516729461,True,0.0023190380559965475,6.858738683522304
2023-04-12 09:30:00-04:00,160.29,158.30397,154.27666666666667,165.0,152.37,164.31,-1.9860296630859295,-0.01246762697302972,True,0.038237147269654055,0.025769520296624288,11.846291663999116,True,0.012390228105845216,6.8711289116281495
2023-04-13 09:30:00-04:00,152.64,154.98468,156.17333333333332,165.0,152.37,161.83,2.3446801757812636,0.015244066758910388,True,0.022884293833587806,-0.007640227074677369,11.869175957832704,True,0.015360850208210586,6.88648976183636
2023-04-14 09:30:00-04:00,160.9,156.74097,158.35999999999999,165.49,157.32,160.31,-4.159033203125006,-0.02618850423598133,True,0.015912131760407715,-0.010276372475573486,11.885088089593111,False,0.015912131760407715,6.902401893596768
2023-04-17 09:30:00-04:00,163.17,159.16364,159.22333333333333,165.49,158.83,160.61,-4.0063647460937375,-0.02485977655686835,True,0.02448477326831321,-0.0003750032885553202,11.909572862861424,True,0.024553317068662976,6.926955210665431
2023-04-18 09:30:00-04:00,161.88,159.98209,159.49666666666667,165.49,158.93,161.2,-1.8979138183593705,-0.011793472406725415,True,0.014832296642733389,0.0030388242360080914,11.924405159504158,True,0.01172420199134773,6.9386794126567795
2023-04-19 09:30:00-04:00,160.01,158.9726,161.02333333333334,170.7899,159.65,170.06,-1.037404785156241,-0.00650448305509791,False,-0.00631296873893083,-0.012817451794028729,11.918092190765227,False,-0.00631296873893083,6.932366443917848
