date,symbol,open,y_test,y_pred,high,low,close,open_original,mean_x,std_x,mean_y,std_y,y_test_original,y_pred_original
2022-01-03 09:30:00-05:00,TSLA,342.201324,351.90184833333336,356.51752,356.92961,331.333002,332.089668,6982.301534567002,369.46432436363636,19.32440568290544,367.5085991538462,18.160411871486083,6758.191103224409,6842.013548904987
2022-01-04 09:30:00-05:00,TSLA,347.234653,344.5418666666667,355.73886,351.556282,313.499687,314.633019,6030.601900464298,365.97402190909094,16.313544254914003,362.4696298461538,17.42005537919587,6364.408027631007,6559.460290461228
2022-01-05 09:30:00-05:00,TSLA,336.57633,331.0800133333334,343.21707,347.219653,283.82305,309.99969,4847.649284541134,360.35872145454545,13.332163206742997,355.4315112307692,18.22257761451307,6388.562750811459,6609.7312358704485
2022-01-06 09:30:00-05:00,TSLA,332.113001,321.03557900000004,334.52637,334.849665,283.82305,306.133027,3925.82963725358,356.0535742727273,10.748679070774626,349.81408100000004,17.918916182459228,6102.423712688269,6344.164015455392
2022-01-07 09:30:00-05:00,TSLA,301.586365,319.16224766666664,327.46152,329.229671,283.82305,312.469688,5927.191659470559,350.7496401818182,18.490365170483557,347.2420323076923,18.285504754871436,6183.28482959198,6335.041164555679
2022-01-10 09:30:00-05:00,TSLA,304.733029,319.370792,320.71704,329.229671,276.333057,276.36639,6675.078460033595,346.5685292727273,20.767390891391912,343.51024376923084,20.09835289343458,6762.337125240924,6789.394513039395
2022-01-11 09:30:00-05:00,TSLA,317.476349,308.95302433333336,316.72464,329.229671,264.003069,282.116385,6849.901264228133,344.45913745454544,20.49110791170648,338.34101815384616,25.02287286617435,8069.2332676669175,8263.701415770682
2022-01-12 09:30:00-05:00,TSLA,311.119689,303.4308076666667,321.42126,312.663021,264.003069,312.239688,6919.390434582257,341.2097468181818,21.14356924470979,334.806149923077,25.154457487489747,7967.443501768922,8419.983687097389
2022-01-13 09:30:00-05:00,TSLA,277.186389,304.35414,310.71432,314.566352,264.003069,310.416356,7450.262439812827,332.68702800000005,25.67793980610219,330.41794915384617,23.254914346113747,7408.147405738957,7556.0529620039015
2022-01-14 09:30:00-05:00,TSLA,290.903042,312.5763543333333,306.42715,314.566352,287.349713,301.886365,7178.411985508486,326.1127920909091,23.555268265010362,325.6974410769231,20.417514457271697,6707.729674679037,6582.1782990187385
2022-01-18 09:30:00-05:00,TSLA,311.736355,312.4663543333333,315.39023,314.566352,293.506373,297.04637,6714.305756252273,324.55188463636364,20.497300905490825,322.74872607692305,19.338090556980987,6365.2513821846305,6421.793521177793
2022-01-19 09:30:00-05:00,TSLA,309.393024,311.666355,317.4928,312.333021,293.506373,307.773026,5883.919602706088,320.48764927272725,17.981762747932418,319.30539869230773,16.75851547232996,5542.3708311644905,5640.013363841046
2022-01-20 09:30:00-05:00,TSLA,293.999706,313.47413066666667,311.97998,315.923017,293.506373,302.446364,5154.480350148053,315.3558392727273,16.459623639471687,316.5643783076923,13.935763225829229,4685.065640701012,4664.24351731902
2022-01-21 09:30:00-05:00,TSLA,299.073034,312.2841206666667,311.17563,315.923017,293.72304,307.333026,4033.0035227147246,312.64553890909093,12.439630327238508,313.6061735384616,10.855783830430786,3703.6950811719585,3691.661531592723
2022-01-24 09:30:00-05:00,TSLA,307.929692,313.36966433333333,312.81192,315.923017,298.266368,310.666356,3291.157475481062,311.38857045454546,9.676783312687224,312.11181353846155,9.008581269396043,3135.1279020486536,3130.10341838984
2022-01-25 09:30:00-05:00,TSLA,301.843031,312.929665,310.78778,315.422985,298.266368,301.516365,3369.967633615967,311.26726445454545,10.133413910627677,312.3758363846154,9.02740792884954,3137.319575377846,3117.983912622508
2022-01-26 09:30:00-05:00,TSLA,311.666355,311.7818996666667,314.86182,315.422985,283.566383,286.66638,3302.419198723943,311.40362490909087,9.596851010160695,311.4707090769231,9.099336801016728,3148.479222604728,3176.504422337286
2022-01-27 09:30:00-05:00,TSLA,302.789697,306.5163493333334,310.59848,314.603019,283.566383,291.919708,2790.869336964988,309.34150272727277,8.19554911816473,309.19352930769236,8.008982769835601,2764.077689791269,2796.771405763712
2022-01-28 09:30:00-05:00,TSLA,303.209697,304.20412933333336,308.0127,307.666359,283.566383,307.476359,2820.3418361551894,309.63483581818184,8.280431085081714,308.87583730769234,7.981300000013174,2736.820254759834,2767.217562409406
2022-01-31 09:30:00-05:00,TSLA,287.189713,305.36745033333335,305.6819,308.809658,284.383049,307.796359,2547.4925130401252,309.9499870909091,7.791165298282172,310.64326892307696,4.44227550675958,1667.169614100466,1668.5664184775171
2022-02-01 09:30:00-05:00,TSLA,299.9997,307.547448,305.5496,308.809658,291.366375,292.116375,1997.1092930803054,309.929378,5.623938674206358,310.14352323076923,4.551047787243456,1709.8066559235408,1700.7143135377914
2022-02-02 09:30:00-05:00,TSLA,304.683029,303.53300766666666,305.85556,308.809658,279.203054,285.659714,1791.053376595165,309.72786309090907,4.86185764388031,308.68634523076923,5.770853583777814,2060.3308903188113,2073.7340015221753
2022-02-03 09:30:00-05:00,TSLA,304.419696,295.78900433333337,303.84882,306.166327,267.0331,273.843059,1797.0528039643987,309.5502844545454,4.8863543951172375,306.7692650769231,8.39359591249809,2789.50264281107,2857.1534443833702
2022-02-04 09:30:00-05:00,TSLA,295.333038,286.544547,295.92114,295.623038,253.519746,254.679745,2135.2497249014204,308.1636160909091,6.186527999656142,304.16156769230776,11.092172762834684,3482.5631872645113,3586.570005344305
2022-02-07 09:30:00-05:00,TSLA,278.043055,277.16788966666667,284.27463,285.577648,233.3331,266.923066,3210.1329956489126,305.08786163636364,10.448184487156313,300.72516092307694,14.481974682202463,4314.663521795229,4417.583121857698
2022-02-08 09:30:00-05:00,TSLA,276.809723,273.03080466666665,278.94772,278.432955,233.3331,269.956397,3471.1457245416113,302.21707063636364,11.448039539800586,297.4361898461538,15.477885562876871,4523.375739617009,4614.957130481049
2022-02-09 09:30:00-05:00,TSLA,233.4631,277.648611,278.80936,292.286374,233.3331,290.143043,5540.800640725724,295.5191925454546,22.467282616311827,296.16875776923075,15.170024657535892,4508.105032769822,4525.713573499955
2022-02-10 09:30:00-05:00,TSLA,269.743064,287.35971233333333,282.66058,296.62637,260.799906,288.123045,4554.026296574396,294.4601057272728,15.791198215376996,294.7228643076923,14.125785656585373,4353.904567066391,4287.525680338866
2022-02-11 09:30:00-05:00,TSLA,271.669728,294.80192733333337,283.6924,296.62637,271.568895,293.296373,4433.05081269979,290.868291,15.24712581042445,293.25286576923077,12.923659395410363,4103.172563735748,3959.596988709135
2022-02-14 09:30:00-05:00,TSLA,289.893043,295.8662596666667,292.6468,296.62637,277.533089,279.763054,4180.966627454704,291.3401086363636,13.417453825610922,292.49591776923074,12.475122883558377,3983.4638642096893,3943.3005788940745
2022-02-15 09:30:00-05:00,TSLA,290.709709,292.06293,295.27783,295.493038,275.053358,279.429721,4149.297514021304,291.14162699999997,13.271506824773107,291.38745984615383,12.432429603058328,3922.439276734106,3962.408319918351
2022-02-16 09:30:00-05:00,TSLA,292.92304,289.80293233333333,295.41696,295.479371,268.189732,268.193065,3907.351512793152,290.2361733636364,12.34834699049114,289.9295126153846,11.515427716105469,3627.1342318152892,3691.78218083687
2022-02-17 09:30:00-05:00,TSLA,283.03305,285.75304766666665,291.47403,288.713045,260.723073,274.799725,3429.971102896613,288.1252390909091,11.100632466087278,287.96951715384614,10.232011701605964,3211.798044648746,3270.3351981317605
2022-02-18 09:30:00-05:00,TSLA,285.433048,286.2986026666667,288.1597,288.713045,260.723073,286.323047,2992.215919087792,286.43888018181815,9.47955066123238,286.48388015384614,8.781330368014205,2800.566494070679,2816.9093913096563
2022-02-22 09:30:00-05:00,TSLA,265.176401,284.999715,283.53708,286.853046,260.723073,279.433054,3159.293175846412,283.96918563636365,10.843061371098585,285.65259892307694,8.379121915968813,2673.699956924442,2661.444350367078
2022-02-23 09:30:00-05:00,TSLA,279.826387,284.31215999999995,286.93768,286.853046,264.589735,265.116402,2873.404449915175,285.0966451818182,9.249691683770184,285.3210146153846,8.460423572129299,2690.722314922381,2712.9353524930593
2022-02-24 09:30:00-05:00,TSLA,283.816383,277.66105566666664,285.1486,284.816382,252.013081,255.456411,2795.2577619972467,286.22483490909093,8.840338604019754,284.43384369230773,9.656366107147047,2965.630650906577,3037.933024517781
2022-02-25 09:30:00-05:00,TSLA,280.065387,272.22995,278.77042,281.267052,252.013081,267.296399,2224.4321261791165,287.4586821818182,6.916147206713903,284.5130743846154,9.520308678657244,2876.2262299600425,2938.4934876553543
2022-02-28 09:30:00-05:00,TSLA,260.203073,272.02972800000003,275.07986,280.666386,252.013081,280.076387,2811.422441638997,286.3894408181818,9.704086011393168,285.0899969230769,9.029841652348185,2741.4753654944248,2769.017615125108
2022-03-01 09:30:00-05:00,TSLA,258.423075,280.28527533333335,274.79172,291.666375,252.189748,290.533043,3209.9631704650797,283.9197463636364,11.322686351059955,285.04230469230777,8.993270389601387,2805.7235719888467,2756.3185212562416
2022-03-02 09:30:00-05:00,TSLA,269.666397,291.6497083333333,277.50372,302.616364,267.419766,301.796365,2870.304532426843,282.3870206363636,9.596737081745038,285.50307346153846,9.700606044670133,3114.681997046153,2977.457367615845
2022-03-03 09:30:00-05:00,TSLA,276.99639,302.8552526666667,284.52063,314.283019,275.238991,307.053026,2501.4497445841457,281.7055061818182,8.013621543596027,286.9484566153846,12.167579877435916,3971.963934738088,3748.875947492886
2022-03-04 09:30:00-05:00,TSLA,291.496375,316.50634999999994,304.99673,332.619667,289.129711,331.326335,2573.20773930428,282.6770506363636,7.857835929067442,289.80540246153845,17.168005001108718,5723.5880021442035,5525.990867724773
2022-03-07 09:30:00-05:00,TSLA,304.993028,331.26744633333334,324.147,346.899653,302.363031,333.036334,3730.900663744208,285.4858357272727,11.296700290529053,294.5502695384615,22.83324254138737,7858.4602177334855,7695.877412070341
2022-03-08 09:30:00-05:00,TSLA,309.99969,340.33854833333334,334.9904,346.899653,307.249693,337.972995,4827.057425469817,288.2655299090909,14.641278820506969,298.61052184615386,25.918787428690745,9119.773009887012,8981.155152192172
2022-03-09 09:30:00-05:00,TSLA,326.64634,342.99853466666667,340.0124,346.899653,325.466341,336.879663,7192.917725546776,294.25976627272723,21.119654851403045,303.0158994615385,27.7495285321143,9821.0635236676,9738.199420832794
2022-03-10 09:30:00-05:00,TSLA,336.57633,349.3518506666667,350.0905,365.959601,329.59967,363.946303,9331.44487205025,300.6212750909091,26.83142809525358,309.1010190769231,31.90101423588754,11453.779380527914,11477.34352630259
2022-03-11 09:30:00-05:00,TSLA,335.999664,359.38295166666666,355.91617,371.589628,332.439701,366.522967,9923.487893731211,305.72157300000003,28.624333150318897,315.77588415384616,35.04464642365246,12910.22435600076,12788.732155635811
2022-03-14 09:30:00-04:00,TSLA,355.032978,369.62184133333335,362.09515,371.589628,351.199649,364.662969,11327.657994288626,312.8457446363637,31.02475807093126,322.70274900000004,36.41193059238688,13781.34758105957,13507.286357318168
2022-03-15 09:30:00-04:00,TSLA,369.329631,370.20628500000004,369.69952,371.589628,357.702976,359.199641,12285.849861074304,323.1508829090909,32.39030387509096,330.45761046153854,34.38013799397299,13058.200774997633,13040.778259336017
2022-03-16 09:30:00-04:00,TSLA,363.72297,367.981843,370.878,371.316295,355.546311,361.529638,11050.588443126064,332.010874,29.469069740429273,337.87247484615386,30.38558776708571,11519.217062016609,11607.218212829825
2022-03-17 09:30:00-04:00,TSLA,364.856302,371.97739466666667,372.85547,383.30295,355.546311,381.816285,10036.499434472667,340.354805,26.575242297644802,345.7675951538462,27.712472507530883,10654.18091827681,10678.51452217076
2022-03-18 09:30:00-04:00,TSLA,360.382973,377.502956,373.03452,384.289616,355.546311,363.75297,8391.840647478093,346.8614620909091,22.323416443393356,352.8924598461538,24.621489567350736,9647.577552644218,9537.557888557722
2022-03-21 09:30:00-04:00,TSLA,363.126304,375.75295766666665,369.76898,384.289616,342.566324,348.586318,6873.572987579916,352.7744865454545,17.95738405399148,357.28091700000004,19.901041124570973,7835.155980203509,7716.068633051191
2022-03-22 09:30:00-04:00,TSLA,378.766288,367.60629900000004,374.8024,384.289616,340.513026,352.419648,6525.682323979076,360.4708424545454,16.27708609992379,360.7101443076923,15.564944747277453,6082.481876993848,6194.488770934485
2022-03-23 09:30:00-04:00,TSLA,357.822976,356.0029773333334,371.02954,359.666307,340.513026,341.829658,5528.913834855033,363.2641730909091,14.436327481005927,362.0070661538461,13.76914205416238,5263.862632761263,5470.765522688654
2022-03-24 09:30:00-04:00,TSLA,350.796316,348.1661073333333,360.6217,358.862974,324.879675,325.309675,5280.0294683393395,363.7859907272727,14.014524250625445,361.180608,14.925044704705119,5557.57532461316,5743.475663202761
2022-03-25 09:30:00-04:00,TSLA,347.736319,342.0107913333333,350.34906,349.479651,324.879675,328.983004,4761.311539945685,365.0865954545455,12.642409504803954,361.0960465384615,15.039010293447172,5504.599857870474,5629.999167059194
2022-03-28 09:30:00-04:00,TSLA,326.799673,339.544127,345.10495,342.079658,324.365342,340.789659,5343.353785222764,363.99053899999996,15.23674488567424,361.2098951538461,14.888263515125617,5416.432332943125,5499.223330401131
2022-03-29 09:30:00-04:00,TSLA,332.546334,340.0154376666667,343.60208,342.079658,324.365342,328.333005,5740.432522911785,361.80351690909094,16.174073974313288,359.0260511538462,16.0668992859256,5822.019843804094,5879.646085816538
2022-03-30 09:30:00-04:00,TSLA,327.024673,339.3185383333333,342.4745,342.079658,324.365342,334.762999,6167.703763590042,358.46585663636364,17.763913204658046,356.46579730769224,16.506730683614904,5957.505525533885,6009.59992525526
2022-03-31 09:30:00-04:00,TSLA,333.096334,340.28520399999996,343.7355,344.979655,324.469676,342.716324,6020.580809863144,356.35994972727275,17.0047529257283,354.43990192307695,16.17257164788858,5857.726744329459,5913.5269707183725
2022-04-01 09:30:00-04:00,TSLA,329.676337,342.65076833333336,340.79898,344.979655,324.469676,325.733008,6211.549825177813,353.3087406363636,17.769674153293717,352.66708576923077,15.880973358973744,5794.294809102782,5764.886619236054
2022-04-04 09:30:00-04:00,TSLA,335.019665,351.23964866666665,346.3209,364.072969,325.083042,336.259664,6152.851457947093,351.3754091818182,17.316822428215595,352.60221400000006,15.832452694658238,5913.58733600338,5835.711359049637
2022-04-05 09:30:00-04:00,TSLA,343.33299,351.22964866666666,350.49045,364.072969,325.083042,335.016332,5018.975381673209,348.6472300909091,13.602911131791618,349.6519605384616,13.189564013449042,4982.217895048679,4972.468160511134
2022-04-06 09:30:00-04:00,TSLA,358.242975,348.40965133333333,352.4881,364.072969,325.099675,332.673001,3380.8412559169046,346.4005656363637,8.4703424827257,345.95324623076925,9.049909698056965,3499.0291287289483,3535.938704078618
2022-04-07 09:30:00-04:00,TSLA,338.302995,338.16299499999997,347.60986,344.949655,291.666375,292.139708,3281.767304332515,344.9884458181818,8.680912974223988,343.9276072307691,8.693906166723318,3283.8849548188955,3366.015141225478
2022-04-08 09:30:00-04:00,TSLA,326.323007,325.1796746666667,337.9601,336.20633,291.666375,293.836373,3260.01572098651,342.63450881818176,8.940164038658569,339.861201076923,12.350926194077331,4356.131362699001,4513.981619771019
2022-04-11 09:30:00-04:00,TSLA,331.809668,313.110798,327.05444,333.333,273.899726,292.503041,3025.014399497737,341.9266306363636,8.08622541059103,336.055051,15.911259878434642,5318.042328722054,5539.903293687798
2022-04-12 09:30:00-04:00,TSLA,299.526367,305.8219053333333,316.09286,311.466322,273.899726,290.253043,4710.360026733365,338.73517627272724,14.59512527810494,334.1558683076923,17.20664521113041,5596.324891170269,5773.0536499643995
2022-04-13 09:30:00-04:00,TSLA,299.993033,304.52856233333335,312.23505,311.466322,273.899726,300.979699,5508.804656217147,335.6505702727273,17.244247422054027,331.211455923077,19.061750363035863,6136.058889535283,6282.957964737632
2022-04-14 09:30:00-04:00,TSLA,300.749699,307.2041153333333,309.67773,311.466322,282.676384,303.08303,6272.629160306007,331.89390736363634,19.75308794221726,328.5919713846154,19.71680864812598,6385.676729328771,6434.448602641675
2022-04-18 09:30:00-04:00,TSLA,286.923046,309.5485683333333,311.1647,318.499681,282.676384,317.539682,6793.197502767912,328.263911,22.531942560542564,327.12505230769233,19.703699342040384,6426.376974506735,6458.22081334842
2022-04-19 09:30:00-04:00,TSLA,301.059699,313.908575,312.4779,318.499681,285.899714,291.093042,6842.9998465364415,326.2593646363636,21.6460074315695,325.34761823076917,19.65703613613336,6495.8598204478985,6467.737093933987
2022-04-20 09:30:00-04:00,TSLA,301.313032,309.89969,310.08417,318.499681,281.034719,288.549711,6747.510980557833,322.9230043636364,21.321971816320897,321.57992969230776,20.219050246916485,6587.457333306151,6591.187292753172
2022-04-21 09:30:00-04:00,TSLA,313.069687,297.6919246666667,317.41,315.199685,260.383073,262.369738,6409.0458483882885,321.6130056363636,19.4443380995616,316.7499345384615,21.581054311353085,6741.255528821026,7166.792462537225
2022-04-22 09:30:00-04:00,TSLA,295.666371,284.33193800000004,303.97952,295.999704,258.083075,266.679733,4859.538235188664,315.5878601818182,15.368505926589956,309.90737730769234,19.49276366737964,5852.322647829734,6235.308373120644
2022-04-25 09:30:00-04:00,TSLA,278.816388,275.63972433333333,290.20377,281.876385,242.399758,244.666422,4662.71007360906,309.60604800000004,15.61279828934969,304.136101,19.369617032938528,5643.172000401414,5925.271907401811
2022-04-26 09:30:00-04:00,TSLA,273.10306,266.08751166666667,279.12833,275.119725,226.66644,242.666424,4660.924179225818,304.1475686363636,15.952866330349627,297.75251769230766,21.32458058488226,5971.957102858939,6250.047007873952
2022-04-27 09:30:00-04:00,TSLA,264.999735,261.86417133333333,270.2439,269.923063,226.66644,256.529743,4644.615867785709,298.11878681818183,16.401892179128133,292.2999564615385,20.578953035045345,5681.190439891272,5853.636410221147
2022-04-28 09:30:00-04:00,TSLA,233.666433,257.4186203333333,265.36017,262.449704,226.66644,241.456425,5900.103289021417,291.9906110909091,24.000506217041917,288.49893461538466,22.197308611120746,6002.499492403306,6178.780486955096
2022-04-29 09:30:00-04:00,TSLA,257.826409,257.95417533333335,265.2355,262.449704,239.695927,253.869746,6052.103992650513,289.9342495454546,22.34902842363622,285.0240663076923,23.615455455031533,6376.72940333142,6548.681299664073
2022-05-02 09:30:00-04:00,TSLA,255.719744,254.97085633333336,262.41086,256.58641,233.6031,236.603097,6100.341468142196,285.2866783636364,22.73995233539167,280.565099,23.674207535081766,6316.798067232851,6492.934214403728
2022-05-03 09:30:00-04:00,TSLA,249.119751,250.997527,259.4984,254.826412,231.369769,236.473097,6296.710341862035,280.54729218181825,24.14968313644556,276.1456187692308,24.58312046702822,6446.448061936399,6655.426368663485
2022-05-04 09:30:00-04:00,TSLA,248.173085,246.23108733333333,258.08173,253.499747,210.999789,221.299779,6127.273488863477,275.6248728181818,23.578901056274074,270.9533675384615,24.429037242908805,6286.141770366393,6575.64146551974
2022-05-05 09:30:00-04:00,TSLA,235.666431,237.28166266666668,250.38037,244.666422,210.999789,224.966442,5324.979799083356,268.57881936363634,21.455754042966433,263.88812076923074,22.889681701391115,5695.18985278609,5995.015119381357
2022-05-06 09:30:00-04:00,TSLA,237.996429,228.3838936666667,243.0611,240.527093,206.85646,209.386457,4120.909586116349,262.37852254545453,16.212558649654756,256.40915384615386,20.679504344210567,4979.274875073712,5282.792148444922
2022-05-09 09:30:00-04:00,TSLA,218.339782,222.57701066666667,232.30315,226.651473,206.85646,219.59978,3903.2639136147504,255.54859000000005,16.7065996411719,250.80198000000004,18.99853909276047,4479.440018300431,4664.222387535503
2022-05-10 09:30:00-04:00,TSLA,217.843115,226.878651,231.52339,239.556394,206.85646,235.909764,3828.2325394456793,250.4829919090909,16.42351445230017,247.5465960769231,16.90551816970772,4083.047752876199,4161.569501573155
2022-05-11 09:30:00-04:00,TSLA,207.949792,238.64308366666668,230.79385,253.266413,207.669826,253.209747,4084.99474883079,244.38845254545458,18.46891145861466,245.86557207692312,15.066667245932553,3841.4215042258315,3723.159769081731
2022-05-12 09:30:00-04:00,TSLA,220.473113,250.80751566666666,234.22716,259.59974,217.886449,252.753081,3689.1917471231686,241.27088000000003,15.638736262245132,245.07147030769235,14.012974028658759,3759.630673537117,3527.290546461789
2022-05-13 09:30:00-04:00,TSLA,241.083092,256.73085399999997,245.92839,259.59974,240.176793,246.789753,3583.662313794798,241.9023914545455,13.861444594132934,245.38736738461543,14.237589903649013,3900.615982250204,3746.8149370297792
2022-05-16 09:30:00-04:00,TSLA,257.946409,260.3786283333333,257.1186,264.209736,242.066425,258.333075,3782.684670596297,242.60057563636366,13.724106913075627,245.52275446153845,14.406559684787023,3996.683004188683,3949.7170862171565
2022-05-17 09:30:00-04:00,TSLA,251.719748,256.444177,258.0046,264.209736,233.417567,234.516432,3646.627179721516,242.30845463636368,13.52424174953946,244.84659876923075,14.073865597414496,3854.007479106805,3875.968777446397
2022-05-18 09:30:00-04:00,TSLA,244.156423,252.290848,254.26929,264.209736,233.417567,238.279762,3528.540084831964,241.84815209090905,13.46141908681655,244.08044569230768,13.77771570593938,3720.072024646673,3747.3303962371533
2022-05-19 09:30:00-04:00,TSLA,243.224757,244.21974500000002,252.29865,247.796386,230.093103,238.886428,3794.3510016988917,242.73709054545452,14.602189164293982,243.04172876923076,13.535311924200498,3548.632155392936,3657.9825871617204
2022-05-20 09:30:00-04:00,TSLA,244.353089,244.9419773333333,251.0005,249.963083,230.093103,241.866425,3828.362896693647,243.12420836363643,14.67236900095014,243.44916423076927,13.657255508406754,3588.684333406478,3671.427173815837
2022-05-23 09:30:00-04:00,TSLA,233.999766,248.50196266666669,247.44923,255.546378,230.093103,239.706427,3729.6737413285005,242.57748163636367,14.902135670050784,244.60449384615387,13.992360608624328,3721.733567429054,3707.003408424997
2022-05-24 09:30:00-04:00,TSLA,240.086427,248.336407,245.50328,255.546378,227.913105,232.229768,3556.980082948433,244.3439920909091,13.797681660935893,245.59282361538465,13.115665987474893,3502.6901903570065,3465.5318513143247
2022-05-25 09:30:00-04:00,TSLA,249.339751,240.55974833333335,248.307,255.546378,214.683119,215.736451,2940.375786567827,248.09338227272727,10.79764615749175,246.25897684615387,11.855289940076995,3098.164541249774,3190.0105370388733
2022-05-26 09:30:00-04:00,TSLA,235.156432,230.82088033333335,241.0629,239.49976,211.736455,220.889779,2315.9104526788356,249.75307454545452,8.786310289541138,246.5069253076923,11.39317212361848,2876.288944670503,2992.978000353737
2022-05-27 09:30:00-04:00,TSLA,223.166444,229.54198166666666,235.41202,235.663064,211.736455,232.999767,2703.4371883766275,248.6579270909091,10.99976868066114,246.2074383846154,11.62083759948944,2913.6775295979305,2981.8922664652778
2022-05-31 09:30:00-04:00,TSLA,218.286448,229.05309333333332,229.79971,235.663064,208.693125,213.099787,3172.2889797442194,245.79308145454544,13.406676983857807,244.04590215384616,12.672579621780873,3146.7394650357187,3156.2010639165674
2022-06-01 09:30:00-04:00,TSLA,220.916446,227.26622833333332,229.4681,235.663064,208.693125,216.759783,3178.4931881887624,243.0076298181818,13.287763819858757,241.07432053846154,13.195409984099378,3239.9453789367367,3268.9998974502314
2022-06-02 09:30:00-04:00,TSLA,222.736444,229.90424800000002,233.52054,243.577123,208.693125,237.03643,2992.3950316290266,241.2036891818182,12.351779048996617,240.01668315384617,12.375959519427315,3085.302349746225,3130.057412481768
2022-06-03 09:30:00-04:00,TSLA,213.43312,237.12646266666664,230.47147,246.833086,213.196453,236.086431,2829.9996945376756,236.80854209090913,12.14990041117689,238.6800177692308,10.484676135026886,2724.8741818737744,2655.098697819861
2022-06-06 09:30:00-04:00,TSLA,224.603109,243.242212,231.40465,246.833086,224.333109,235.069765,2709.033514927916,235.38515863636368,11.013419926843277,238.02771323076928,10.155843216825367,2708.3574820165672,2588.137036207978
2022-06-07 09:30:00-04:00,TSLA,234.503099,244.07197800000003,238.91257,246.833086,228.636438,245.706421,2674.47597451056,236.16794872727272,10.397764618809099,238.12002084615386,10.222814171872091,2733.2224965014075,2680.478798029711
2022-06-08 09:30:00-04:00,TSLA,237.904762,245.817532,244.81387,252.069748,228.636438,244.919755,2802.4738290569567,237.0987052727273,10.783202077242276,239.04873784615387,10.878483964857416,2913.170817988979,2902.2525328171027
2022-06-09 09:30:00-04:00,TSLA,237.468096,249.36863966666667,244.40851,252.069748,232.343101,232.663101,2618.09794982913,236.09113054545458,10.030849867443562,239.0492506923077,10.878998634509605,2951.9303411154924,2897.9690787590366
2022-06-10 09:30:00-04:00,TSLA,249.366417,244.40419999999997,248.90305,252.069748,222.273111,228.489772,2615.831043586884,236.31098181818186,9.54226351084277,237.17438330769235,9.933493441398952,2664.96190105805,2709.651154858874
2022-06-13 09:30:00-04:00,TSLA,244.483089,236.86642966666668,245.82791,249.96975,218.863114,224.473109,2715.767036853185,237.00976909090906,10.138767789220283,236.40182000000001,10.111554742221697,2631.4896901691054,2722.1042030540857
2022-06-14 09:30:00-04:00,TSLA,230.49977,230.28643633333334,238.66763,231.173102,218.863114,227.263106,2614.664338064045,237.86007127272725,10.311525546386957,236.67848638461538,9.887199894274882,2513.5665153524883,2596.4330827090694
2022-06-15 09:30:00-04:00,TSLA,224.509775,230.94421366666666,237.11491,233.146434,216.166484,233.066434,2587.8642303667625,237.75582881818184,10.46773309335231,237.20284484615388,9.497540391795715,2430.6048423968205,2489.2113174925494
2022-06-16 09:30:00-04:00,TSLA,226.999773,232.64643433333333,233.40236,234.563099,216.166484,231.733102,2617.0180842053614,237.41795345454545,10.482830442085136,237.11823215384615,9.515763510727847,2450.926682883922,2458.1198833274825
2022-06-17 09:30:00-04:00,TSLA,222.999777,237.69031800000002,231.90295,245.361421,216.166484,244.543089,2575.969456133155,237.51462,10.486355043005963,238.6716920769231,9.076086929802003,2395.969680617205,2343.443062780588
2022-06-21 09:30:00-04:00,TSLA,230.779769,244.96807733333335,237.20953,254.979712,227.186439,250.763083,2149.2429810592794,239.32891518181813,8.27591636023113,241.28788692307688,8.478361438520514,2318.2157874545214,2252.4360502217282
2022-06-22 09:30:00-04:00,TSLA,233.919766,251.13473766666667,239.34967,254.979712,232.209768,234.343099,2119.5641730564257,238.7949127272727,8.040232309095046,242.0175759230769,9.03398172957592,2510.764207665585,2404.298125388447
2022-06-23 09:30:00-04:00,TSLA,242.333091,249.271962,245.42886,254.979712,228.368105,233.069767,2136.3012170999127,239.42597272727272,7.827553540232935,241.47449961538462,8.939889794486904,2469.9383687509116,2435.581491918543
2022-06-24 09:30:00-04:00,TSLA,252.103081,244.96529966666665,250.11221,253.06308,225.033108,237.039763,2656.6415770963663,241.7380886363636,9.579032032773938,241.68552253846153,8.918811133963807,2426.4847646403086,2472.389113785138
2022-06-27 09:30:00-04:00,TSLA,236.84643,240.16197133333333,245.5725,242.059725,225.033108,238.313095,2531.906881636999,240.98718027272727,9.672595450833994,241.11526669230773,8.857258429445933,2368.2919117168267,2416.2143137030453
2022-06-28 09:30:00-04:00,TSLA,225.499774,241.445292,240.43645,243.623056,225.033108,240.066427,2472.927049266325,238.83778845454543,9.907279378522924,240.46552115384614,8.32356938766851,2250.1521624417305,2241.7549722777158
2022-06-29 09:30:00-04:00,TSLA,234.896432,244.264189,242.05731,250.516416,229.333104,240.546426,2246.6624534397356,238.97293690909092,8.547126490753357,240.5075723846154,8.372714975707055,2285.6620056538536,2267.1844536445283
2022-06-30 09:30:00-04:00,TSLA,239.99976,247.093075,243.2031,250.516416,236.889763,245.529754,2172.204908977729,240.1168751818182,8.050374857857818,241.7357763076923,8.079288848154137,2238.072101611306,2206.6438253961005
2022-07-01 09:30:00-04:00,TSLA,244.936422,249.43975066666667,246.28784,250.663083,236.97643,247.499752,2053.2100934044793,241.85353709090907,7.395211138968831,243.36705676923077,7.559479283376208,2129.001684384424,2105.174894580144
2022-07-05 09:30:00-04:00,TSLA,244.999755,257.02307633333334,250.94429,273.266393,236.97643,271.706395,1902.5152467847001,243.70353518181813,6.7706668180255205,246.67756623076917,10.083510176424534,2838.3723720138755,2777.076869786183
2022-07-06 09:30:00-04:00,TSLA,246.783087,268.2386206666667,256.18753,280.786386,243.482757,272.243061,1714.1848499694697,245.13777618181814,5.9527866826127,250.34217792307692,12.792850854159104,3681.878845437104,3527.711046529788
2022-07-07 09:30:00-04:00,TSLA,255.106412,276.0663906666667,262.48575,280.786386,254.866412,268.433065,1688.2775080098786,247.35807699999998,5.648307385585739,253.38704669230768,13.372407920737132,3945.0594358925523,3763.453546219698
2022-07-08 09:30:00-04:00,TSLA,276.219724,274.080826,274.7369,280.786386,256.263077,258.859741,3554.6211167255615,251.8142846363636,11.957172298417031,255.0753757692307,13.63550365878549,3992.3054814951797,4001.2514894473743
2022-07-11 09:30:00-04:00,TSLA,272.216394,272.460472,276.1402,275.925324,256.263077,274.819725,4085.5218919228705,253.79640681818182,14.076027636692187,256.68657669230765,14.72312174426539,4268.155276448319,4322.33232670859
2022-07-12 09:30:00-04:00,TSLA,266.513067,275.51158,275.26395,283.299717,256.263077,280.899719,4186.911335976849,255.19458736363637,14.752435191529326,259.0124718461538,16.273660507195316,4742.5943905671365,4738.564487598264
2022-07-13 09:30:00-04:00,TSLA,263.809736,285.8482476666666,277.5942,298.319702,261.789772,297.149703,3982.3291105143107,257.4521577272727,14.11955831981515,263.51605707692306,18.30101171079968,5494.828185136156,5343.770904210041
2022-07-14 09:30:00-04:00,TSLA,280.066387,297.83244666666667,288.72073,311.877921,272.799727,297.276369,4517.737216532466,262.00872590909086,15.195427542054073,268.88668753846156,21.226941065572056,6590.958480346928,6397.544684978195
2022-07-15 09:30:00-04:00,TSLA,280.699719,306.010216,293.8801,311.877921,279.099721,300.586366,4311.440492141964,266.12508536363634,14.41154063562966,274.20822061538456,21.647851464092934,6898.67192307838,6636.08089650541
2022-07-18 09:30:00-04:00,TSLA,301.274699,309.7535453333333,306.17142,311.877921,292.666374,307.396359,5509.171247711053,272.96796045454545,17.380162704125738,279.27950015384613,21.61092658608369,6973.340628131658,6895.927520805331
2022-07-19 09:30:00-04:00,TSLA,294.003039,310.3296893333333,307.96234,313.606353,292.666374,308.633025,5675.728257051139,277.8852190909092,18.35982055260398,284.13257223076926,21.690578826033793,7015.3631607740135,6964.014011834744
2022-07-20 09:30:00-04:00,TSLA,304.999695,309.254124,309.60635,313.606353,285.544381,288.169712,5853.685719875142,284.4024852727273,18.25996329144662,288.5530780769231,19.44010611309244,6300.48606454837,6307.333448454404
2022-07-21 09:30:00-04:00,TSLA,310.999689,307.8041256666667,309.99945,313.606353,285.544381,290.423043,5479.2093336200105,290.30126718181816,16.68460853810755,292.74820207692306,16.46815274336021,5361.713558592031,5397.866506292105
2022-07-22 09:30:00-04:00,TSLA,302.669697,300.73413266666665,308.9789,305.199695,279.353054,283.33305,5246.85217135934,293.21126427272725,16.366491116177425,294.2197390769231,15.487049516283406,4951.704142922133,5079.39145418321
2022-07-25 09:30:00-04:00,TSLA,294.999705,298.3685903333333,303.8918,305.199695,279.353054,294.356372,5011.302662879597,294.67944163636366,15.988569280919224,295.506148,15.004842791521806,4772.4799398796395,4855.355060489331
2022-07-26 09:30:00-04:00,TSLA,290.293043,296.04748133333334,300.23022,298.236368,279.353054,286.629713,4635.678920378474,297.0745907272728,14.945602157097511,297.359223,13.681721188232636,4347.798321081173,4405.02544838593
2022-07-27 09:30:00-04:00,TSLA,297.06637,298.6352566666667,299.9931,300.1597,283.369717,300.0297,3716.2350495442643,299.97095454545456,11.50000282764693,299.88614615384614,10.580543760249187,3459.609547668761,3473.9763005075997
2022-07-28 09:30:00-04:00,TSLA,296.513037,303.84302933333333,299.51294,313.13302,285.033048,309.319691,2902.1258949511466,301.88286772727275,8.769405397928166,302.7482766153846,8.549350716217399,2900.4088970639823,2863.3894400453373
2022-07-29 09:30:00-04:00,TSLA,289.414711,309.31969066666665,299.67578,314.666352,285.033048,306.563027,2501.3943386791516,302.5954427272727,7.597398516317571,305.1610946923077,7.007140509264529,2472.607629475881,2405.0314011346786
2022-08-01 09:30:00-04:00,TSLA,301.786365,312.485243,305.09753,314.666352,300.033033,303.996363,2193.232870220279,303.8874110909091,6.260539501608597,306.03314507692306,6.803940206895299,2432.164053986071,2381.898524906712
2022-08-02 09:30:00-04:00,TSLA,311.666355,310.27413433333334,310.05173,314.666352,300.033033,302.869697,2401.097750134249,304.8996919090909,6.725775896551804,305.6194353076923,6.596316382664398,2352.285790727673,2350.8187235365795
2022-08-03 09:30:00-04:00,TSLA,303.396363,305.5052503333333,309.6507,309.656357,292.499708,296.66637,2431.820367265216,304.769086,7.010800196260809,305.0445641538462,6.70313764004454,2352.8883068944424,2380.6757984420447
2022-08-04 09:30:00-04:00,TSLA,305.999694,299.753034,307.42255,306.499694,286.29638,289.913043,2450.305519201995,305.0154494545455,7.010758872678643,303.72533476923076,7.343695218137894,2505.0202571773566,2561.3428186171523
2022-08-05 09:30:00-04:00,TSLA,298.999701,297.1952476666666,303.66254,300.3597,286.29638,296.453037,2291.549177333078,303.73302654545455,6.648221199350375,302.5884103076923,6.8536912367641385,2339.4728748486727,2383.797676481252
2022-08-08 09:30:00-04:00,TSLA,291.913041,298.290802,300.0822,303.646363,286.29638,297.09637,2462.9936758972926,302.70272754545454,7.400460565075742,302.5145667692307,6.836702236739028,2341.8399600013095,2354.0873128588646
2022-08-09 09:30:00-04:00,TSLA,291.453042,301.81089933333334,298.21112,303.646363,287.923045,296.07,2620.6787081069892,301.4972742727272,7.95730735187956,302.34228253846146,6.794959105423941,2353.135001079683,2328.6746518352684
2022-08-10 09:30:00-04:00,TSLA,297.563036,302.86878766666666,300.67136,303.646363,287.47,288.09,2350.718894862821,302.6372701818182,6.882849604616221,303.081023,6.1664762020385355,2170.714194486762,2157.163785649178
2022-08-11 09:30:00-04:00,TSLA,302.36,297.56666666666666,302.42554,302.96,280.7,284.82,2257.4084128053455,303.6312360909091,6.461758092057271,302.3295074615384,7.292229056153637,2472.253800270989,2507.685796493393
2022-08-12 09:30:00-04:00,TSLA,297.43,292.74,298.7444,302.0,272.65,277.7,2242.5750194300117,303.6124753636363,6.519055051831946,301.5790176153846,8.128907917249652,2681.2355213110477,2730.04461217055
2022-08-15 09:30:00-04:00,TSLA,282.83,285.8233333333333,292.25473,288.48,271.81,275.61,2769.647334100111,302.4525026363636,8.723243048699741,300.12442530769226,9.777436590298962,3094.7439430022423,3157.6265182937395
2022-08-16 09:30:00-04:00,TSLA,287.865,282.43666666666667,289.16522,288.48,266.15,277.16,2644.865546862584,300.60177354545453,8.14362209131756,297.3895776153846,10.68634262645167,3315.604567888306,3387.5082173563164
2022-08-17 09:30:00-04:00,TSLA,280.62,280.3933333333333,285.61914,282.35,266.15,270.21,2711.651257701498,297.56255972727274,8.602696521895178,294.90370438461537,10.122102817590257,3133.0738537514726,3185.970012462636
2022-08-18 09:30:00-04:00,TSLA,272.575,278.64000000000004,282.72302,282.35,265.74,274.42,3081.800499139103,294.24879999999996,10.22673282266937,292.3139846153846,10.321156669399679,3168.2010789769115,3210.3425934809247
2022-08-19 09:30:00-04:00,TSLA,281.065,280.7266666666667,283.4319,283.84,265.74,283.7,2896.5756435232825,292.3915550909091,9.265415787922272,290.57093123076925,9.671204614817904,3005.535965399884,3031.698683162618
2022-08-22 09:30:00-04:00,TSLA,272.675,283.10999999999996,281.94052,289.5,265.74,289.26,3112.6739886593823,289.9915823636363,10.351819588505531,289.7355696923077,9.249422880566515,2908.3396814094936,2897.522677810581
2022-08-23 09:30:00-04:00,TSLA,273.1,291.06333333333333,283.31595,299.85,272.27,299.68,3292.9096681542346,288.53842709090907,11.000993193201484,290.3086690769231,9.620123207560455,3090.373796946828,3015.8430001822508
2022-08-24 09:30:00-04:00,TSLA,281.3,298.28000000000003,287.85742,305.49,279.76,304.42,3045.832324818089,287.92148754545457,9.80416223701612,290.8212586923077,10.2191918512774,3339.0018040913305,3232.491478647028
2022-08-25 09:30:00-04:00,TSLA,291.67,300.9133,295.5131,305.49,290.4,292.13,2745.970100346812,287.57818181818186,8.428675964372854,290.3407615384616,9.74051128207411,3221.3901551146128,3168.789368564579
2022-08-26 09:30:00-04:00,TSLA,300.72,302.9633,302.25317,306.0,290.4,302.61,2928.82890754813,288.1181818181818,8.781293980213979,290.57460769230767,10.071528636589045,3341.8781594778256,3334.7261034021953
2022-08-29 09:30:00-04:00,TSLA,292.9,304.1733,302.1295,309.12,290.4,303.75,2816.079619177606,287.7245454545454,8.632144328177061,291.12229999999994,10.84207039282982,3588.9906302193426,3566.8314558720563
2022-08-30 09:30:00-04:00,TSLA,292.24,306.27666666666664,302.58493,309.12,291.64,303.35,2931.2271843870158,288.5427181818182,9.042856782799062,292.35076153846154,11.284939188925721,3748.664319858668,3707.0033008126
2022-08-31 09:30:00-04:00,TSLA,301.825,307.5566666666666,305.43393,309.84,295.6005,309.07,3572.466268026429,291.00680909090903,10.87205983247087,293.9938384615385,12.125442502538489,4023.2545164006,3997.51538825139
2022-09-01 09:30:00-04:00,TSLA,299.605,308.96,307.96155,313.33,295.6005,308.73,3709.594580846743,293.33862727272725,11.402533180601178,296.46153076923076,12.538128867724584,4170.241825741418,4157.723104036053
2022-09-02 09:30:00-04:00,TSLA,300.09,312.3233333333333,308.1551,313.8,297.8,300.8,3470.7663719486673,295.7581727272727,10.580186608088889,299.2476846153846,12.04752320641027,4061.970290852128,4011.753286563984
2022-09-06 09:30:00-04:00,TSLA,306.91,309.47333333333336,309.18912,313.8,285.82,288.59,3568.5133922848195,298.87726363636364,10.653403697007121,300.7046076923077,11.017125773467523,3710.2112445598805,3707.080002224112
2022-09-07 09:30:00-04:00,TSLA,308.29,299.86333333333334,310.32388,313.8,272.82,275.33,2966.241190515253,302.3972636363636,8.640708186703717,301.35922307692306,9.70372047667633,3211.1491909480096,3312.6554414953575
2022-09-08 09:30:00-04:00,TSLA,299.86,289.96,303.02768,301.29,270.31,276.01,2398.508562109428,304.3545363636364,6.983772512992036,301.3784538461539,9.669168148662045,3105.0504502322,3231.404040082857
2022-09-09 09:30:00-04:00,TSLA,283.09,285.75333333333333,293.53046,288.67,270.31,282.94,2649.1620343713194,303.9018090909091,8.284503957329509,301.31460769230773,9.749795682313753,3087.3512232324033,3163.176585522529
2022-09-12 09:30:00-04:00,TSLA,271.83,287.25333333333333,289.0783,289.0,270.31,287.81,3626.7432065991306,301.48271818181814,12.232867926341141,300.4799923076923,10.288939603018195,3256.012189740012,3274.7892449475457
2022-09-13 09:30:00-04:00,TSLA,283.84,287.1066666666667,288.0218,289.0,265.78,268.21,3452.62216327168,300.6290818181818,11.104823426766835,298.7999923076923,11.085912335410306,3481.6393298862276,3491.7843019556494
2022-09-14 09:30:00-04:00,TSLA,283.08,282.74,288.6513,289.0,262.47,265.25,3613.1218810550463,299.7663636363637,11.704661288041128,297.12076923076927,12.705788784607325,3889.5554901906444,3964.663297603474
2022-09-15 09:30:00-04:00,TSLA,282.76,271.46,283.43085,283.65,241.01,242.4,3673.654385998042,298.1918181818182,11.93755328835841,293.21,16.598711256739644,4799.096157754543,4997.796793394216
2022-09-16 09:30:00-04:00,TSLA,266.145,262.74333333333334,273.1031,275.57,241.01,249.44,4132.294293069227,294.36590909090904,14.420441428463127,289.23923076923074,18.394875315419306,5122.37008739355,5312.93648975515
2022-09-19 09:30:00-04:00,TSLA,254.5,253.1099,264.2098,257.5,233.27,240.81,4633.136711204097,290.7490909090909,17.062426798801596,284.85151538461537,21.03351515711006,5608.642433449228,5842.112523963268
2022-09-20 09:30:00-04:00,TSLA,250.52,249.58323333333337,258.89563,257.5,233.27,238.13,5119.677291133179,285.41636363636366,19.296906145205234,279.8315153846154,22.22451741491628,5826.6984310723965,6033.661950360902
2022-09-21 09:30:00-04:00,TSLA,245.01,241.94039999999998,254.76845,246.6697,222.02,223.07,5049.728623491494,279.84,19.468138539208578,273.7731692307692,22.988715512294444,5835.672195761491,6130.5725389604095
2022-09-22 09:30:00-04:00,TSLA,239.44,235.38049999999998,247.4678,244.58,218.3582,222.96,4870.244213028853,273.23088181818184,19.199019926539723,267.09547692307694,23.000135123989494,5680.878782475285,5958.888406726815
2022-09-23 09:30:00-04:00,TSLA,233.935,229.10383333333334,240.85254,234.5715,215.0,216.5,4805.193251590298,267.5749727272727,19.39691913934651,261.28470769230773,23.168809189261374,5569.347706720648,5841.5512279804925
2022-09-26 09:30:00-04:00,TSLA,223.93,224.0133,233.09802,226.99,211.51,217.24,5218.157373068825,262.1264727272727,22.13205421489551,256.26931538461537,24.612518000551173,5769.800693997486,5993.398589097322
2022-09-27 09:30:00-04:00,TSLA,220.945,222.67996666666667,231.14508,225.75,206.22,221.72,5437.865674044468,256.66420000000005,23.45018658057194,251.56931538461538,24.68484569412659,5748.389931724534,5957.349962122812
2022-09-28 09:30:00-04:00,TSLA,215.33,222.84996666666666,229.34431,226.26,204.16,204.99,5273.584644041206,250.43374545454546,23.327687264137186,246.76854615384616,23.014920793781226,5375.642877883965,5525.109780606011
2022-09-29 09:30:00-04:00,TSLA,208.3,223.70333333333335,226.9465,226.26,204.16,219.35,4890.888331336858,243.45828181818186,22.311234035135264,241.6039307692308,20.335859251554947,4790.803431539578,4856.756067015149
2022-09-30 09:30:00-04:00,TSLA,224.01,225.98000000000002,230.14159,229.82,204.16,220.19,4082.556502804395,239.37191818181824,17.156308131880618,237.4631615384616,16.4648920396628,3958.199464661461,4026.719533865801
2022-10-03 09:30:00-04:00,TSLA,210.04,224.87,225.44006,229.82,209.45,222.04,3309.950491794906,233.6191909090909,14.64640687909834,233.41393076923077,12.619078497039228,3071.066112398442,3078.2597881574793
2022-10-04 09:30:00-04:00,TSLA,229.5,222.76666666666665,229.56699,229.82,202.0,207.28,2892.201965731146,232.3610090909091,11.589720943966174,230.3670076923077,11.752821985016162,2848.5039852210743,2928.4269287740585
2022-10-05 09:30:00-04:00,TSLA,219.8,217.71333333333334,225.22015,222.93,202.0,214.44,2188.867406429415,228.9628272727273,8.916763326463547,227.0716230769231,9.46658602300776,2288.073621432686,2359.1375832210147
2022-10-06 09:30:00-04:00,TSLA,208.28,214.57000000000002,219.46352,215.55,198.5863,211.25,2033.0716211358686,225.7574,8.677329657844577,224.52010769230768,8.229789211756326,1990.3859788588627,2030.6585859801135
2022-10-07 09:30:00-04:00,TSLA,206.415,217.50326666666663,217.39133,224.3498,198.5863,222.415,1695.8025330522473,222.94876363636365,7.1354008643552245,222.96393846153845,5.861416910944424,1497.8412638871928,1497.1851382710317
2022-10-10 09:30:00-04:00,TSLA,205.82,222.8166,217.06949,230.6,198.5863,224.64,1574.2550661243408,221.08453636363637,6.574533717620759,222.65843846153845,5.327659064158037,1409.749317096414,1379.1306665559848
2022-10-11 09:30:00-04:00,TSLA,210.1,229.5866,218.29399,233.81,210.0,225.09,1451.9663961615188,220.24726363636364,5.862537517968373,223.18305384615385,6.0192536389636775,1605.123031353452,1537.1499540717223
2022-10-12 09:30:00-04:00,TSLA,219.4,231.09,223.20035,233.81,216.35,228.52,1280.8184569580048,220.96542727272728,4.830688375958421,223.42228461538463,6.176275229250685,1650.6977273429252,1601.9690645127023
2022-10-13 09:30:00-04:00,TSLA,229.77,230.84,230.59215,233.81,216.35,227.54,1571.855788360946,222.93543636363637,5.870741837477954,224.23383076923076,6.273647333628624,1672.4425812640623,1670.887644140718
2022-10-14 09:30:00-04:00,TSLA,225.4,232.03503333333333,231.40352,237.3951,216.35,227.82,1669.911769324354,223.52179999999998,6.416991878102724,225.3419153846154,7.164937513050421,1887.8584300565203,1883.333667003581
2022-10-17 09:30:00-04:00,TSLA,226.19,231.705,229.58035,237.3951,214.82,214.98,1712.5363759895658,223.82998181818184,6.58166317773281,225.46575384615386,7.1935908636267625,1892.256724902793,1876.9728820956127
2022-10-18 09:30:00-04:00,TSLA,234.05,228.82166666666663,232.42393,237.3951,210.14,215.31,1931.9572981217916,225.27089090909092,7.291973540750697,225.4149846153846,7.221135810175163,1877.7673159260153,1903.779784327336
2022-10-19 09:30:00-04:00,TSLA,226.04,224.28996666666663,229.89561,227.8699,203.08,207.47,1942.250014697937,225.23135454545454,7.5960832602746535,224.95190769230769,7.116063749602191,1821.0136088884578,1860.903757110836
2022-10-20 09:30:00-04:00,TSLA,211.36,217.96666666666667,223.32378,223.8,196.66,197.08,2048.6733844071714,224.3458909090909,8.631375347738835,223.8726769230769,8.30538631946891,2034.1700483566503,2078.6629129614093
2022-10-21 09:30:00-04:00,TSLA,222.6,209.30000000000004,222.11873,223.8,186.75,191.3,1814.878727604063,225.88134545454542,7.138353019539612,222.3072923076923,11.1553113212056,2557.113951836025,2700.1108605315694
2022-10-24 09:30:00-04:00,TSLA,208.65,199.99666666666667,209.81659,208.9,177.12,177.59,1916.9943588638964,225.44407272727275,8.107118553254846,220.86344615384616,13.097339364784418,2840.2876613128474,2968.9025213040345
2022-10-25 09:30:00-04:00,TSLA,194.02,194.02999999999997,200.6724,195.89,177.12,190.72,2508.7918370384164,223.69589090909093,11.777630894388853,219.13267692307693,15.263547951556596,3180.7188859636026,3282.1053822251383
2022-10-26 09:30:00-04:00,TSLA,190.775,194.47,199.33005,196.52,177.12,195.97,3065.067762675253,220.75090909090912,14.909274556856735,216.9919230769231,16.29824124995624,3386.5108989559135,3465.721127347948
2022-10-27 09:30:00-04:00,TSLA,189.9,194.41666666666666,198.55002,196.52,180.03,190.95,3303.194281125587,217.5159090909091,16.248964571009363,214.3096153846154,16.702331085802467,3461.5211506493783,3530.5577582995115
2022-10-28 09:30:00-04:00,TSLA,186.0,197.69123333333334,198.40117,200.8237,182.59,194.42,3470.8917307126644,213.26954545454547,17.51409777020494,211.7722076923077,16.03958432788953,3382.6574156267934,3394.0444857845478
2022-10-31 09:30:00-04:00,TSLA,192.77,196.37456666666665,199.28209,200.8237,185.66,186.92,3409.696590515808,210.945,16.593617214897588,208.98066923076925,15.980552252630487,3347.154692935105,3393.6185092384644
2022-11-01 09:30:00-04:00,TSLA,195.88,193.18456666666665,200.44603,200.8237,180.9,183.17,3283.861681752307,208.12590909090912,15.702143009298538,205.6199,15.83165432723072,3264.0511808225247,3379.0121528918116
2022-11-02 09:30:00-04:00,TSLA,191.51,187.97333333333336,197.58325,192.57,176.55,180.19,2709.7281289898665,204.4039636363636,13.081949586723947,201.60412307692306,13.74607654989675,2785.4999524161817,2917.598629402116
2022-11-03 09:30:00-04:00,TSLA,183.96,182.70666666666668,191.38928,186.16,167.54,167.87,2388.912780060549,200.50851818181818,11.896087529238587,197.6733615384615,12.956706540186852,2564.9500244742007,2677.448126285031
2022-11-04 09:30:00-04:00,TSLA,185.05,177.62666666666667,188.24524,185.19,166.185,169.91,2125.9808086416792,197.42215454545456,10.421824664124422,193.80566923076924,12.860683209114795,2478.2059587217996,2614.7680569495155
2022-11-07 09:30:00-05:00,TSLA,175.85,177.10333333333332,181.89568,183.62,166.185,183.2,1648.0893715060174,193.07579090909093,8.274174470269699,190.7149,9.727297496300732,1913.4517109198473,1960.0682504274685
2022-11-08 09:30:00-05:00,TSLA,168.63,179.91333333333333,180.09283,185.2,166.185,182.86,1738.908643308649,189.49851818181816,9.188223478187933,188.89182307692303,8.258205488077516,1674.653099788576,1676.1354570824485
2022-11-09 09:30:00-05:00,TSLA,173.57,185.7733333333333,181.18387,188.5,172.5,182.92,1863.6588078294665,187.74033636363637,9.655576836238003,188.37643846153844,8.055007065798216,1684.7819510984255,1647.8137786982688
2022-11-10 09:30:00-05:00,TSLA,185.06,186.6933333333333,185.55981,188.5,178.75,180.83,1748.4320590928478,187.66942727272726,8.433819473792935,187.64489999999998,7.766080258504833,1637.520310394462,1628.7173117962338
2022-11-11 09:30:00-05:00,TSLA,179.96,189.88,186.0647,194.76,178.75,194.7,1739.7400721517738,186.67851818181816,8.630037530395397,187.93413076923082,7.953405065987061,1698.1266846988538,1667.7820366030014
2022-11-14 09:30:00-05:00,TSLA,184.99,193.35333333333332,189.22417,198.92,178.75,194.7,1643.6770162764738,186.4067,7.877562658935475,188.11874615384616,8.175317322716017,1768.8436015587304,1735.0863554436214
2022-11-15 09:30:00-05:00,TSLA,182.43,196.64333333333332,190.32605,198.92,180.6301,194.86,1528.8410545438828,185.32397272727272,7.364562198194431,188.15874615384612,8.213641922727877,1803.316672645465,1751.4287678168212
2022-11-16 09:30:00-05:00,TSLA,197.08,195.48,196.6529,198.92,180.55,182.45,1602.9494767949618,186.10454545454544,7.189186783744756,187.42384615384614,7.4384071273167045,1641.4836714017156,1650.2081275464523
2022-11-17 09:30:00-05:00,TSLA,191.78,190.39,193.2999,196.25,175.33,179.82,1605.6690629878121,186.20000000000002,7.401548977932069,186.73769230769233,7.342852258485173,1584.7433338006845,1606.110271980247
2022-11-18 09:30:00-05:00,TSLA,189.44,184.76666666666665,193.14253,191.27,172.218,174.04,1673.6427537234017,186.90454545454543,7.848069089257054,186.21615384615387,7.601584387948382,1590.7355625927498,1654.4054123963365
2022-11-21 09:30:00-05:00,TSLA,181.215,179.41,187.59381,183.65,169.06,173.44,1651.9512495349622,186.70954545454543,8.085653528021504,185.44769230769228,8.15153987703329,1647.9154616462347,1714.626123645416
2022-11-22 09:30:00-05:00,TSLA,175.03,179.02666666666664,181.62866,182.5,169.06,179.05,1618.3852809471089,186.77272727272728,8.179241008252195,185.8884615384615,7.818517315818358,1585.611554865036,1605.9553012895317
2022-11-23 09:30:00-05:00,TSLA,172.2,178.35666666666665,179.76582,182.5,167.52,167.82,1470.497022945251,187.28454545454545,7.451872691583657,186.3846153846154,7.016403434792166,1437.8069440026968,1447.6941558958358
2022-11-25 09:30:00-05:00,TSLA,173.84,178.3066666666667,179.01724,182.5,156.91,160.95,1565.9578133613527,186.6681818181818,7.934247765434715,185.72538461538463,7.621678207470112,1544.7214201953557,1550.137200018014
2022-11-28 09:30:00-05:00,TSLA,176.1,171.34666666666666,177.47662,177.37,155.31,156.8,1545.308664034781,186.62818181818182,7.715391721843266,183.91153846153844,9.973783979207955,1892.886177352224,1954.0250429604012
2022-11-29 09:30:00-05:00,TSLA,174.87,165.86663333333334,173.64853,175.05,153.28,157.67,1629.9602616608843,185.50454545454542,8.26016878942265,181.79076153846154,11.575253658861312,2101.7391159131357,2191.81653281201
2022-11-30 09:30:00-05:00,TSLA,159.25,161.17996666666667,167.73187,161.62,150.04,150.23,1959.7940359754684,183.05454545454543,11.156919877682405,179.83768461538463,12.721412634176835,2230.274548944919,2313.624047336418
2022-12-01 09:30:00-05:00,TSLA,153.44,159.05663333333334,163.55974,160.99,145.82,149.87,2176.975460134437,179.51363636363638,13.017869028746095,176.79845384615385,13.489725842376677,2322.428830924252,2383.1744804644027
2022-12-02 09:30:00-05:00,TSLA,159.635,154.90333333333334,161.81,160.99,137.66,137.8,2013.3942390582606,176.62317272727273,11.506067380781081,172.9176846153846,13.820271700315176,2313.72383856654,2409.1758147024857
2022-12-05 09:30:00-05:00,TSLA,154.0,148.32666666666668,157.62619,155.25,135.89,137.57,1901.9518855005033,172.90544545454546,11.227574286012713,168.68768461538463,14.433409912999993,2309.547265644297,2443.771100587879
2022-12-06 09:30:00-05:00,TSLA,146.05,142.12,151.505,148.47,122.26,125.35,1902.11539833968,168.90817272727273,11.867218251368758,164.4846076923077,15.181672234864774,2322.1038657112895,2464.583933764754
2022-12-07 09:30:00-05:00,TSLA,139.335,135.50243333333333,143.23619,141.26,121.02,123.15,2016.473519047238,165.09953636363636,13.287214143493031,160.25132307692306,16.830520926494216,2440.8278628844773,2570.99102969861
2022-12-08 09:30:00-05:00,TSLA,136.0,128.30576666666667,137.30579,136.63,108.76,109.1,2142.0239977877786,161.3309,14.563919836674843,155.65824615384616,18.992201900359625,2592.4672716676114,2763.39745847582
2022-12-09 09:30:00-05:00,TSLA,126.37,121.5191,132.4122,128.6173,108.24,112.71,2285.337998383024,156.9490818181818,16.842517342445536,151.12516923076922,20.73934962619404,2671.3522703912054,2897.2680990449076
2022-12-12 09:30:00-05:00,TSLA,117.495,119.83666666666666,128.4283,123.57,108.24,121.82,2257.147771001674,151.24383636363635,17.92334937348855,146.5920923076923,19.80547946789014,2520.014733474754,2690.1761302618424
2022-12-13 09:30:00-05:00,TSLA,110.35,121.44,125.54668,124.48,108.24,123.18,2249.4046345620773,145.34883636363637,19.067111900303043,142.52363076923078,18.451235760007,2383.2417014644807,2459.014960260672
2022-12-14 09:30:00-05:00,TSLA,120.385,122.28333333333335,124.9449,124.48,104.64,108.1,2176.420897067046,140.91747272727272,16.908281134192578,138.19670769230768,16.841528005748245,2197.634890661889,2242.459748852294
2022-12-15 09:30:00-05:00,TSLA,119.95,119.29,125.48806,124.48,104.64,113.64,2085.2133484267956,137.41883636363636,16.238386928413167,134.57901538461536,16.46854299448806,2099.1115091970964,2201.1845267493068
2022-12-16 09:30:00-05:00,TSLA,118.47,115.04666666666667,124.58376,118.8,104.64,110.34,1897.792536704047,133.97066363636364,14.888341969002138,130.79594615384616,15.606979862702229,1926.3269560915287,2075.172228427283
2022-12-19 09:30:00-05:00,TSLA,109.11,113.57666666666667,119.622635,114.59,101.81,113.06,1627.708646713246,129.2843,13.733153209726387,127.21133076923077,13.464891014062895,1656.5087691764475,1737.9170723470859
2022-12-20 09:30:00-05:00,TSLA,110.51,116.55333333333333,118.46887,123.52,101.81,119.77,1382.038458708224,125.71520909090908,11.368412357409417,124.77056153846154,10.766601182112883,1379.653817984325,1400.277659614268
2022-12-21 09:30:00-05:00,TSLA,103.0,120.22333333333334,116.39245,123.52,101.81,118.85,1200.105633400669,121.69430000000001,10.470012945637562,122.79286923076924,8.313513643310797,1122.2711911417377,1090.4230771927905
2022-12-22 09:30:00-05:00,TSLA,118.96,124.07666666666667,120.48678,125.95,114.92,123.22,941.3994179515685,120.70248181818184,6.898931877382202,121.61517692307694,6.500832519958068,928.2168065577407,904.8795432559639
2022-12-23 09:30:00-05:00,TSLA,121.07,124.28036666666667,122.57479,125.95,114.92,123.56,712.7087658052875,119.70248181818182,4.8980448004221175,120.65372307692309,4.947870919769253,735.576935205183,727.1379667379333
2022-12-27 09:30:00-05:00,TSLA,122.09,124.23703333333333,124.04408,125.95,115.6,122.4,633.9354595558975,119.26272727272726,4.215519143936197,120.19316153846155,4.437498769410613,671.4948440703536,670.638625613237
2022-12-28 09:30:00-05:00,TSLA,122.56,126.1537,124.66242,131.7,115.6,131.49,690.8807294328578,119.87636363636365,4.658978180454424,121.11854615384617,5.385089069560555,800.4674571084677,792.4367932212541
2022-12-29 09:30:00-05:00,TSLA,116.55,130.33666666666667,123.89019,136.68,115.6,128.78,672.7949652927116,120.04464545454545,4.7426024868139525,122.68854615384618,6.584341224756177,980.8696335844838,938.4238323335492
2022-12-30 09:30:00-05:00,TSLA,125.695,132.79,128.35675,136.68,124.3082,127.17,726.294671893013,120.79055454545454,4.817249034150589,123.18239230769231,6.866641306452471,1035.0036913915158,1004.5621571725377
2023-01-03 09:30:00-05:00,TSLA,136.555,133.39333333333335,133.16704,136.68,124.3082,133.42,1092.7663980360524,122.43419090909092,7.105797716136072,123.8770076923077,7.398873276016842,1110.8373768911144,1109.1630461294849
2023-01-04 09:30:00-05:00,TSLA,127.26,136.2931,135.56172,145.3793,124.3082,143.75,1033.1197522669333,123.21464545454546,7.149969407609523,125.92156923076924,9.173091030448754,1376.1505823528244,1369.441583562663
2023-01-05 09:30:00-05:00,TSLA,128.68,141.79643333333334,135.84306,146.5,127.3466,143.89,1010.8873455525195,124.74373636363636,6.886412878371799,128.3761846153846,10.040814257729542,1552.1278341239145,1492.3511519588271
2023-01-06 09:30:00-05:00,TSLA,135.87,146.09643333333335,140.7432,146.5,134.27,144.43,1007.692805516973,127.37555454545455,6.479114233984827,131.04233846153846,9.872311523458578,1573.3518407944032,1520.5030001628165
2023-01-09 09:30:00-05:00,TSLA,143.0,151.4433333333333,150.15309,161.42,138.07,160.27,1236.11815575939,130.84094545454545,7.72921126087304,134.6600307692308,11.577082227359933,1887.93195355471,1872.9947169543227
2023-01-10 09:30:00-05:00,TSLA,141.905,162.83666666666667,157.08577,180.68,138.07,177.9,1327.6143715268606,132.8304909090909,8.419603823810082,139.05695384615385,16.3725473490801,2805.107989012527,2710.9511553618304
2023-01-11 09:30:00-05:00,TSLA,159.965,173.95666666666668,168.15262,180.68,154.76,166.66,1914.3571694913553,136.62230909090908,11.113273906169763,143.44233846153847,18.865382690181036,3425.2014266364645,3315.7058350882708
2023-01-12 09:30:00-05:00,TSLA,162.43,178.25,174.4359,180.68,161.17,173.22,2246.493431839586,140.0709454545455,12.968186211814569,147.16156923076926,19.793400601225446,3675.335226399205,3599.8411741579494
2023-01-13 09:30:00-05:00,TSLA,178.05,179.29166666666666,180.41565,183.805,162.78,181.41,3418.2463476636644,146.63175454545456,18.374695833295196,151.75186923076924,20.813347415074585,3883.41161619185,3906.8054596019497
2023-01-17 09:30:00-05:00,TSLA,164.57,184.9517,181.3163,196.7501,162.78,188.27,3042.782443987939,150.60084545454546,17.574172683559542,157.4534153846154,22.163203968353503,4256.575666778342,4176.003542626631
2023-01-18 09:30:00-05:00,TSLA,173.89,193.18503333333334,187.84654,199.0,169.93,189.98,3346.207733424226,155.32084545454546,18.350030984931166,162.63033846153849,23.370218224205402,4677.406725111933,4552.645026039753
2023-01-19 09:30:00-05:00,TSLA,187.325,197.97336666666664,193.36618,199.0,182.61,194.76,3955.4946718309793,160.8263,20.2571379785452,167.36033846153848,23.85690042735704,4890.39123429685,4780.478050757971
2023-01-20 09:30:00-05:00,TSLA,183.95,198.22333333333333,194.39395,199.0,183.69,196.81,3812.3236946235884,166.58858181818184,19.819163429222108,172.55341538461542,22.46406438301802,4625.455137601058,4539.4316556632675
2023-01-23 09:30:00-05:00,TSLA,193.01,199.55666666666664,199.85136,203.0,189.55,201.29,3930.6558851977225,173.36585454545454,19.466815349734564,177.8988,20.739037706293825,4316.512034542307,4322.623776465414
2023-01-24 09:30:00-05:00,TSLA,196.43,204.83333333333334,204.09837,214.0,189.55,207.32,3857.802637226314,178.4759181818182,18.73098161708749,183.17731538461538,20.521964303412393,4386.759670200254,4371.6768489524975
2023-01-25 09:30:00-05:00,TSLA,196.1,207.73333333333335,202.42712,214.0,192.89,196.89,3396.4565986009056,183.08228181818183,16.386406510875695,187.76962307692307,18.36723885107787,4003.257373740833,3905.796959952163
2023-01-26 09:30:00-05:00,TSLA,207.775,205.5,205.20052,214.0,187.61,194.64,3006.3898984207717,189.28819090909093,13.558424774451597,191.6073153846154,14.022804118009741,3073.293561635617,3069.093952620356
2023-01-27 09:30:00-05:00,TSLA,202.225,204.10666666666665,207.02238,209.82,187.61,209.25,2539.802654319053,193.56364545454545,11.602121443266201,195.33039230769234,11.755648092624796,2594.736538999697,2629.012693473333
2023-01-30 09:30:00-05:00,TSLA,194.415,206.92666666666665,206.52213,214.66,187.61,214.24,2366.0970897811508,195.17364545454546,11.16644006031739,197.94423846153848,11.98306386103952,2677.559699680243,2672.712053979678
2023-01-31 09:30:00-05:00,TSLA,191.94,214.04333333333332,201.43295,217.65,189.44,202.04,2139.6975441240666,196.4513727272727,10.124237633618808,200.8580846153846,11.813803058993589,2729.523870705902,2580.5473195413924
2023-02-01 09:30:00-05:00,TSLA,211.755,213.58333333333334,210.35175,217.65,197.5,208.31,1951.1882407916169,201.48182727272726,8.262881223673064,203.48423846153844,9.101369066374952,2147.3849815547887,2117.973108973125
2023-02-02 09:30:00-05:00,TSLA,210.78,211.93333333333337,212.79315,217.65,197.22,197.37,1642.1923665552356,204.19819090909093,6.8222515212360975,205.47693076923076,7.2149467269619825,1734.5646404367071,1740.7681852687692
2023-02-03 09:30:00-05:00,TSLA,199.985,206.71333333333334,208.43675,209.71,191.78,200.86,1685.3000096685284,205.11681818181816,7.401471067763633,205.87999999999997,6.853466276272177,1622.582858855809,1634.3942527562651
2023-02-06 09:30:00-05:00,TSLA,204.99,205.61333333333334,209.24142,209.71,191.78,202.07,1630.5898187376024,206.43000000000004,6.947459967498913,206.35230769230773,6.568709220874552,1556.9665062937272,1580.798382592099
2023-02-07 09:30:00-05:00,TSLA,197.93,201.59983333333332,204.35905,205.14,191.78,196.88,1595.9693076235862,206.83727272727273,7.018299575083684,206.3138076923077,6.61783692158624,1540.4686281112731,1558.7287042558655
2023-02-08 09:30:00-05:00,TSLA,203.91,204.07649999999998,204.80542,209.42,192.8,207.63,1433.405378667694,207.78909090909093,6.010574703342667,207.2307307692308,6.141789098573879,1460.6255537443428,1465.1024261742482
2023-02-09 09:30:00-05:00,TSLA,196.325,206.10649999999998,205.34662,211.23,192.8,205.71,1524.4979048966325,207.29409090909087,6.709302503438389,207.8638076923077,6.097069294525731,1464.5094202444752,1459.8763710121978
2023-02-10 09:30:00-05:00,TSLA,202.03,209.2833333333333,204.9577,211.23,198.52,202.77,1484.0078015649508,206.32813636363636,6.324207618677001,207.34073076923076,5.834223719423519,1428.3465181825827,1403.1098209709276
2023-02-13 09:30:00-05:00,TSLA,210.59,204.05996666666667,207.70416,211.23,186.01,190.9,1534.0841682293158,207.39904545454547,6.299848628969895,206.38303076923074,6.8723644841981875,1608.7574983358968,1633.8017410254893
2023-02-14 09:30:00-05:00,TSLA,206.21,200.47663333333333,207.09212,207.2,186.01,197.79,1301.5888093058081,208.35813636363636,5.301540531216585,206.7045692307692,6.47965068412519,1505.7231235602173,1548.5891488326606
2023-02-15 09:30:00-05:00,TSLA,186.74,197.60996666666665,200.81564,200.48,186.01,193.81,1724.208448371598,206.34995454545458,8.12819157023746,205.84149230769228,6.74885038249667,1539.4815914311798,1561.1162234753915
2023-02-16 09:30:00-05:00,TSLA,194.795,197.76,199.35306,200.48,186.1,187.71,1583.0789850024983,205.18130909090908,7.073578253608097,204.26764615384613,6.89296258865802,1567.419927686856,1578.4008159265584
2023-02-17 09:30:00-05:00,TSLA,198.54,193.1,198.19997,198.6,180.0,182.0,1302.6729111287475,203.96085454545454,5.53395817761304,201.87149230769228,7.230436710447506,1598.0688210951057,1634.9438055974292
2023-02-21 09:30:00-05:00,TSLA,191.38,188.62666666666667,194.18983,194.2,172.5124,172.92,1423.9906316697825,202.41539999999998,6.3829827132917885,200.0822615384615,8.196964305675648,1746.2483153037067,1791.8494042364932
2023-02-22 09:30:00-05:00,TSLA,185.04,183.32333333333335,189.79222,186.5,168.44,173.44,1566.09579109066,200.42903636363636,7.3803866986977065,197.66533846153845,9.526249168121524,1944.0490901254702,2005.6733265392363
2023-02-23 09:30:00-05:00,TSLA,180.25,180.27333333333334,184.40442,185.18,163.91,174.48,1850.3668058441485,198.58540000000002,9.163835816056302,195.76995384615384,10.83814667747605,2149.598782550353,2194.372094350194
2023-02-24 09:30:00-05:00,TSLA,175.13,179.81333333333336,182.8376,183.8,163.91,183.26,2038.588868105994,196.3054,10.51951960318617,194.1284153846154,10.910482269595045,2155.9786005547326,2188.974816124633
2023-02-27 09:30:00-05:00,TSLA,167.455,181.16333333333333,181.945,183.8,163.91,180.45,2369.8031278075127,193.8459,12.994280420456318,192.94922307692312,11.285978817040997,2237.55476550146,2246.3767216044253
2023-02-28 09:30:00-05:00,TSLA,177.31,183.98333333333335,184.11595,185.81,176.03,184.13,2205.6942221824106,191.82635454545454,11.357892209333688,191.13306923076922,10.3502350532495,2095.403815111123,2096.7764447026525
2023-03-01 09:30:00-05:00,TSLA,180.8,184.78996666666663,185.37944,186.2199,176.03,180.13,1883.6825597499278,189.6499909090909,9.369649163942682,189.20921538461536,8.61480202914157,1781.1381951896183,1786.2163939078046
2023-03-02 09:30:00-05:00,TSLA,180.365,186.15663333333336,184.7583,186.44,176.35,183.25,1585.3494399438744,187.35044545454545,7.750943888721918,187.61229230769231,6.881640466930442,1468.6753134418916,1459.0524915652486
2023-03-03 09:30:00-05:00,TSLA,184.515,190.21996666666666,188.04826,198.0,176.35,197.58,1527.0726255596328,187.00590909090909,7.262643776759201,187.93922307692307,7.256219805015432,1568.217112512965,1552.4587573457775
2023-03-06 09:30:00-05:00,TSLA,178.08,195.03333333333333,187.34717,200.66,176.35,191.15,1303.444062137106,185.12453636363637,6.279871550839339,187.95306923076924,7.280268504915778,1607.8481033061764,1551.8907556788258
2023-03-07 09:30:00-05:00,TSLA,188.28,199.32333333333335,193.2009,200.66,188.04,192.22,1015.2613482733117,184.94635454545457,4.410001028934869,188.00768461538462,7.362138006338831,1655.4535724988618,1610.379352873927
2023-03-08 09:30:00-05:00,TSLA,199.3,197.44333333333336,197.30544,200.66,187.15,190.41,1494.080879277418,186.2936272727273,6.561902920244309,187.86614615384616,7.258689418325872,1621.045980539501,1620.0450206779135
2023-03-09 09:30:00-05:00,TSLA,195.26,196.35333333333332,198.46005,199.31,187.15,191.81,1607.4033488635341,187.21362727272728,7.273326444693264,188.70383846153848,7.669451913376706,1694.626286492766,1710.783667761608
2023-03-10 09:30:00-05:00,TSLA,191.65,194.03333333333333,195.62418,197.39,185.43,189.19,1682.7462215729474,188.16999090909093,7.798467157129436,189.2553769230769,7.654003126384142,1674.3871168791466,1686.5634318177385
2023-03-13 09:30:00-04:00,TSLA,194.415,195.01,195.62582,197.39,185.43,193.88,1613.5870766194198,189.70044545454542,7.32395458768549,190.5630692307692,7.101112293955147,1575.3509776749625,1579.7240128719732
2023-03-14 09:30:00-04:00,TSLA,192.0,194.99,195.63026,197.33,185.43,195.28,1421.3294259672923,191.3027181818182,6.406389103049345,192.0999923076923,6.177090278472733,1396.5708257070903,1400.5257959804853
2023-03-15 09:30:00-04:00,TSLA,193.13,200.13666666666666,196.11703,207.79,189.44,207.46,1343.0354308683127,192.1827181818182,5.958953620289414,193.9453769230769,6.95617859373442,1586.1317734111046,1558.1704970453582
2023-03-16 09:30:00-04:00,TSLA,195.58,202.60323333333335,198.55295,207.79,192.2,194.77,1202.0500862603278,193.5827181818182,5.15629086858835,195.51073846153847,6.438903651367801,1500.0534373504613,1473.9740403160038
2023-03-17 09:30:00-04:00,TSLA,197.53,203.07476666666665,199.19527,207.79,190.32,192.58,1119.7435343930601,194.80726363636361,4.682510356688586,196.50570769230768,5.833967166841699,1381.23722883968,1358.6043535482563
2023-03-20 09:30:00-04:00,TSLA,199.91,197.37143333333333,202.07364,202.6897,183.76,185.52,1245.2730364763509,196.98454545454544,5.243802166083764,196.8487923076923,5.328212907859375,1248.485811037065,1273.5401635181213
2023-03-21 09:30:00-04:00,TSLA,197.32,191.93819999999997,199.31772,198.7446,179.74,185.06,1036.2825526194945,198.22633636363636,4.247193473828594,196.84494615384614,5.335737806471404,1220.9768563999157,1260.352032285185
2023-03-22 09:30:00-04:00,TSLA,190.515,187.39,194.61101,190.68,176.11,184.51,1113.061367504444,197.67539090909088,4.804797399655424,195.85263846153842,6.163915555945619,1350.9087744901879,1395.4184561228303
2023-03-23 09:30:00-04:00,TSLA,183.08,186.89333333333335,189.60703,189.19,176.11,186.79,1338.3033281081916,196.0922090909091,6.238863442305454,194.97033076923077,6.233162376957205,1359.906824606686,1376.821706319076
2023-03-24 09:30:00-04:00,TSLA,179.94,188.62486666666666,188.4797,191.5846,176.11,180.54,1501.3135313410535,194.63220909090913,7.2617612662562205,194.37606923076925,6.158918533611938,1356.101256444183,1355.2072225570719
2023-03-27 09:30:00-04:00,TSLA,186.69,189.09153333333333,189.7763,191.5846,180.31,185.9,1469.4563162692557,194.58584545454542,6.828809635302964,193.9253,6.49524104627617,1422.1203888099653,1426.568153331376
2023-03-28 09:30:00-04:00,TSLA,190.74,188.12153333333333,190.95294,191.5846,180.31,185.0,1460.8602934968192,194.20857272727272,6.64072413111852,193.07068461538464,6.7104838775257125,1455.4572010641339,1474.4573225647407
2023-03-29 09:30:00-04:00,TSLA,182.955,187.49,188.707,189.69,180.94,187.04,1540.6830522243156,193.43126363636364,7.363842412549271,192.86606923076926,6.769632904191688,1462.104542437669,1470.3431906402973
2023-03-30 09:30:00-04:00,TSLA,183.95,187.88666666666668,188.35632,189.69,182.01,184.31,1568.9362995511365,192.72262727272727,7.481455136060936,192.28145384615385,6.862586756813562,1481.670004294665,1484.8930632900845
2023-03-31 09:30:00-04:00,TSLA,186.32,186.96,189.33168,189.69,177.65,180.59,1560.1304766952385,191.93353636363636,7.343263956266649,191.2176076923077,7.066439545263504,1512.3591450747724,1529.1184805202329
2023-04-03 09:30:00-04:00,TSLA,187.15,180.29666666666665,188.18382,187.69,160.56,162.99,1185.5135969015423,190.36353636363637,5.317392789409062,188.2876076923077,7.472559730359268,1535.5652185436488,1594.502462596036
2023-04-04 09:30:00-04:00,TSLA,179.1,173.0666666666667,180.82782,183.5,160.56,165.08,1015.1599372720399,188.2681090909091,4.616928130547911,185.46532307692308,8.374307567072576,1634.7788193516171,1699.7731029681145
2023-04-05 09:30:00-04:00,TSLA,166.165,167.11666666666667,173.61916,169.7,158.61,162.55,1283.078887545896,185.7063272727273,6.604113744008478,182.91958461538465,8.960318464965933,1680.3381387522747,1738.6025129526984
2023-04-06 09:30:00-04:00,TSLA,164.8,165.04,168.6721,166.0,158.61,160.67,1517.9378124974962,183.67496363636363,8.096255150856386,180.82650769230764,10.018615989973675,1834.298890677563,1870.6875447053699
2023-04-10 09:30:00-04:00,TSLA,164.65,163.26333333333332,166.56375,165.65,153.14,153.75,1746.500147148543,181.80769090909092,9.503142764891903,178.84804615384616,11.195091601412813,2006.5960179725064,2043.5444985445527
2023-04-11 09:30:00-04:00,TSLA,159.82,161.54,166.1655,163.47,152.37,160.19,1969.1162057911145,179.60041818181818,11.197070376731926,176.9542,12.02869226167807,2120.0691479514753,2175.7078258308657
2023-04-12 09:30:00-04:00,TSLA,160.29,162.04999999999998,166.24614,165.0,152.37,164.31,2030.916524196011,177.30496363636365,11.56411229995413,175.0934307692308,11.861828812649074,2097.302789859013,2147.0766785947712
2023-04-13 09:30:00-04:00,TSLA,152.64,162.92,163.20718,165.0,152.37,161.83,2086.637744095045,173.7990909090909,12.53169977192056,172.91615384615386,11.215066472220814,2000.0747835003685,2003.2955693320596
2023-04-14 09:30:00-04:00,TSLA,160.9,164.59,165.25183,165.49,157.32,160.31,2009.0144972561063,172.18454545454549,11.415972354267003,171.30000000000004,10.640206041961058,1922.5715124463704,1929.613531233214
2023-04-17 09:30:00-04:00,TSLA,163.17,164.59,167.27385,165.49,158.83,160.61,1880.0805051809475,170.45636363636365,10.477564145030238,169.66307692307691,9.81457972344863,1785.044753605487,1811.3856083643755
2023-04-18 09:30:00-04:00,TSLA,161.88,164.48,166.52557,165.49,158.93,161.2,1582.4207627987605,167.9381818181818,8.737846435511358,167.60615384615383,8.044220609052228,1490.7195596230642,1507.1746059830368
2023-04-19 09:30:00-04:00,TSLA,160.01,166.24663333333334,166.18365,170.7899,159.65,170.06,1165.2378116988168,165.74999999999997,6.246408422591194,166.30614615384613,5.724632409645369,1118.0070113282761,1117.6464822902692
